Fecha,AMZN_Close,AMZN_Volume,AMD_Close,AMD_Volume,AAPL_Close,AAPL_Volume,ASML_Close,ASML_Volume,BRKb_Close,BRKb_Volume,KO_Close,KO_Volume,JPM_Close,JPM_Volume,MA_Close,MA_Volume,META_Close,META_Volume,MSFT_Close,MSFT_Volume,NESN_Close,NESN_Volume,NVDA_Close,NVDA_Volume,PG_Close,PG_Volume,PM_Close,PM_Volume,TSM_Close,TSM_Volume,NNND_Close,NNND_Volume,TSLA_Close,TSLA_Volume,TM_Close,TM_Volume,V_Close,V_Volume,WMT_Close,WMT_Volume
2024-05-07,188.76,34050000.0,154.43,37370000.0,182.4,77310000.0,908.22,655000.0,406.14,3090000.0,,,191.75,7690000.0,453.06,2350000.0,468.24,13410000.0,409.34,20020000.0,92.16,3210000.0,90.55,437340000.0,165.76,6430000.0,97.53,3960000.0,141.11,8680000.0,365.8,19410000.0,177.81,75050000.0,231.26,248940.0,276.46,6380000.0,60.62,14520000.0
2024-05-08,188.0,26140000.0,153.62,28730000.0,182.74,45060000.0,911.47,555750.0,406.37,2400000.0,,,195.65,9230000.0,454.77,2330000.0,472.6,11680000.0,410.54,11790000.0,94.2,4430000.0,90.41,325720000.0,165.07,4580000.0,98.25,5780000.0,143.6,10200000.0,361.4,20060000.0,174.72,79970000.0,231.78,371660.0,277.19,9030000.0,60.3,11020000.0
2024-05-09,189.5,43370000.0,152.39,33020000.000000004,184.57,48980000.0,913.54,755990.0,408.82,2360000.0,,,197.5,7980000.0,455.49,1970000.0,475.42,9440000.0,412.32,14690000.0,,,88.75,378010000.0,166.04,4670000.0,99.46,3840000.0,142.79,8010000.0,369.8,16030000.000000002,171.97,65950000.0,227.24,329110.0,278.54,8950000.0,60.44,14550000.0
2024-05-10,187.48,34140000.0,151.92,37650000.0,183.05,50760000.0,930.29,814080.0,412.05,3090000.0,,,198.77,7530000.0,456.98,1730000.0,476.2,10750000.0,414.74,13400000.0,95.18,4130000.0,89.88,335320000.0,166.85,4880000.0,99.66,4150000.0000000005,149.26,23670000.0,371.0,15690000.0,168.47,72630000.0,218.78,563940.0,280.74,8990000.0,60.48,12360000.0
2024-05-13,186.57,24900000.0,150.56,27860000.0,186.28,72040000.0,917.24,745780.0,411.22,2710000.0,,,198.73,7050000.0,457.76,2069999.9999999998,468.01,14670000.0,413.72,15440000.0,95.0,3780000.0,90.4,289680000.0,165.87,5730000.0,99.29,3850000.0,146.41,8279999.999999999,378.2,20560000.0,171.89,67019999.99999999,215.64,466170.0,279.39,10530000.0,60.41,19260000.0
2024-05-14,187.07,38700000.0,153.16,31940000.0,187.43,52390000.0,915.03,592140.0,410.24,2670000.0,,,201.51,8600000.0,454.2,2990000.0,471.85,10480000.0,416.56,15110000.0,94.64,3430000.0,91.36,296510000.0,165.76,6010000.0,99.84,3290000.0,151.95,12320000.0,381.8,21600000.0,177.55,86410000.0,217.12,268660.0,277.74,18530000.0,59.86,18780000.0
2024-05-15,185.99,75460000.0,159.67,43200000.0,189.72,70400000.0,937.42,883000.0,412.76,2860000.0,,,202.11,8369999.999999999,458.0,2440000.0,481.54,13100000.0,423.08,22240000.0,95.54,4080000.0,94.63,417740000.0,166.51,5100000.0,100.57,3230000.0,155.58,14030000.0,,,173.99,79660000.0,219.55,280880.0,281.5,21290000.0,59.83,22240000.0
2024-05-16,183.63,38830000.0,162.62,76730000.0,189.84,52850000.0,919.54,811170.0,413.12,3550000.0,,,202.47,8500000.0,458.87,2410000.0,473.23,16610000.0,420.99,17530000.0,95.42,3970000.0,94.36,323950000.0,167.86,6790000.0,100.66,4420000.0,152.23,13390000.0,397.0,58430000.0,174.84,59810000.0,215.63,296810.0,279.84,10340000.0,64.01,60550000.0
2024-05-17,184.7,33180000.0,164.47,65940000.0,189.87,41280000.0,924.97,703790.0,416.94,2990000.0,,,204.79,9260000.0,460.27,1990000.0,471.91,10810000.0,420.21,15350000.0,96.62,5110000.0,92.48,359690000.0,167.64,4700000.0,99.83,5310000.0,151.68,7710000.0,395.0,27920000.0,177.46,77450000.0,219.76,265730.0,280.1,6180000.0,64.65,29330000.0
2024-05-20,183.54,30510000.0,166.33,45620000.0,191.04,44360000.0,939.44,669310.0,413.0,3290000.0,,,195.58,17370000.0,459.66,1400000.0,468.84,11750000.0,425.34,16270000.0,,,94.78,318760000.0,167.31,3800000.0,99.59,5340000.0,153.55,9260000.0,395.0,22330000.0,174.95,61730000.0,220.5,175500.0,278.54,5460000.0,64.18,15000000.0
2024-05-21,183.15,50840000.0,164.66,30010000.0,192.35,42310000.0,925.27,746430.0,414.37,2740000.0,,,199.52,14420000.0,459.1,2170000.0,464.63,11740000.0,429.04,21450000.0,95.3,3660000.0,95.39,328950000.0,168.35,5150000.0,100.23,6200000.0,153.67,7920000.0,383.6,30680000.0,186.6,115270000.0,219.36,145590.0,275.95,6580000.0,65.15,17130000.0
2024-05-22,183.13,28150000.0,165.52,47430000.0,190.9,34650000.0,922.33,668650.0,413.99,2670000.0,,,198.31,9430000.0,456.52,1710000.0,467.78,10080000.0,430.52,18070000.0,95.06,3010000.0,94.95,548650000.0,167.81,4540000.0,101.07,4410000.0,156.15,13460000.0,384.4,22370000.0,180.11,88310000.0,216.63,166510.0,275.58,4200000.0,65.25,14880000.0
2024-05-23,181.05,33670000.0,160.43,91890000.0,186.88,51010000.0,934.25,1360000.0,405.88,3400000.0,,,196.92,8070000.0,451.21,2080000.0,465.78,11750000.0,427.0,17210000.0,93.3,4220000.0,103.8,835070000.0,165.49,4730000.0,99.65,4570000.0,157.09,20870000.0,381.8,18320000.0,173.74,71980000.0,214.72,260810.0,274.23,6120000.0,64.84,16219999.999999998
2024-05-24,180.75,27470000.0,166.36,54870000.0,189.98,36330000.0,956.22,685070.0,407.41,2069999.9999999998,,,200.71,7360000.0,451.18,2160000.0,478.22,12020000.0,430.16,11860000.0,92.42,3010000.0,106.47,429490000.0,165.33,3820000.0,99.93,4050000.0,160.0,11910000.0,377.0,19140000.0,179.24,65580000.0,216.84,134400.0,274.49,4340000.0,65.38,11800000.0
2024-05-28,182.15,29930000.0,171.61,66500000.0,189.99,52280000.0,991.85,1180000.0,403.9,3320000.0,,,199.5,6910000.0,445.08,2670000.0,479.92,10180000.0,430.32,15720000.0,91.64,3240000.0,113.9,652730000.0,163.11,6470000.0,100.05,3560000.0,159.41,13960000.0,380.2,16610000.0,176.75,59740000.0,218.72,262300.0,270.98,6210000.0,65.04,13350000.0
2024-05-29,182.02,32009999.999999996,165.14,56540000.0,190.29,53070000.0,957.88,901950.0,404.09,3430000.0,,,198.11,6120000.0,442.47,1880000.0,474.36,9230000.0,429.17,15520000.0,91.18,4099999.9999999995,114.82,557440000.0,161.65,4360000.0,99.6,4470000.0,154.34,15780000.0,371.0,27380000.0,176.19,54780000.0,213.95,191320.0,268.86,5470000.0,64.92,11540000.0
2024-05-30,179.32,29250000.0,166.75,46480000.0,191.29,49950000.0,966.12,847040.0,408.61,2910000.0,,,199.33,6830000.0,442.1,2190000.0,467.05,10740000.0,414.67,28420000.0,94.14,5820000.0,110.5,487350000.0,162.58,4760000.0,99.41,3880000.0,152.96,9710000.0,368.0,22010000.0,178.79,77790000.0,214.17,279020.0,271.3,4900000.0,64.89,13050000.0
2024-05-31,176.44,58900000.0,166.9,64330000.0,192.25,75160000.0,960.35,1040000.0,414.4,5200000.0,,,202.63,14420000.0,447.07,3920000.0,466.83,16920000.0,415.13,48000000.0,95.56,12290000.0,109.63,613260000.0,164.54,10340000.0,101.38,7530000.0,151.04,13780000.0,359.8,40040000.0,178.08,67320000.0,217.51,254070.0,272.46,8910000.0,65.76,27630000.0
2024-06-03,178.34,30790000.0,163.55,59160000.0,194.03,50080000.0,965.48,753000.0,414.79,4910000.0,,,201.82,6440000.0,443.19,2120000.0,477.49,11280000.0,413.52,17480000.0,96.46,3140000.0,115.0,438390000.0,164.65,5830000.0,102.96,6330000.0,154.95,12920000.0,375.0,28130000.0,176.29,68570000.0,212.17,351370.0,270.38,4840000.0,65.82,11580000.0
2024-06-04,179.34,27200000.0,159.99,48160000.0,194.35,47470000.0,950.81,765370.0,409.53,4160000.0,,,199.16,6850000.0,444.77,2100000.0,476.99,7090000.0,416.07,14350000.0,97.6,5020000.0,116.44,403320000.0,167.01,6280000.0,103.79,5080000.0,152.47,10070000.0,377.4,18040000.0,174.77,60060000.0,210.38,224060.0,272.42,4190000.0000000005,66.6,14780000.0
2024-06-05,181.28,32119999.999999996,166.17,60510000.0,195.87,54160000.0,,2590000.0,409.85,2640000.0,,,197.26,8350000.0,446.66,2160000.0,495.06,15690000.0,424.01,16990000.0,97.72,2810000.0,122.44,528400000.0,166.05,5240000.0,104.07,5270000.0,162.92,23190000.0,380.8,20210000.0,175.0,57950000.0,208.33,338450.0,274.5,5370000.0,67.09,14980000.0
2024-06-06,185.0,31370000.0,166.78,47150000.0,194.48,41180000.0,,1370000.0,411.08,3450000.0,,,196.91,7640000.0,448.68,1890000.0,493.76,10670000.0,424.52,14860000.0,98.34,2790000.0,121.0,664700000.0,168.47,6300000.0,104.24,4850000.0,162.07,14820000.0,381.6,18890000.0,177.94,69890000.0,210.04,245990.0,277.04,4860000.0,67.15,13260000.0
2024-06-07,184.3,28020000.0,167.87,44800000.0,196.89,53100000.0,,936160.0,413.72,2940000.0,,,199.95,6960000.0,449.79,1660000.0,492.96,9380000.0,423.85,13620000.0,98.02,2610000.0,120.89,412390000.0,167.06,4560000.0,103.61,2510000.0,164.39,14020000.0,374.8,25250000.0,177.48,56250000.0,206.36,537570.0,278.67,4520000.0,65.88,20210000.0
2024-06-10,187.06,34490000.0,160.34,67580000.0,193.12,97260000.0,,1040000.0,410.81,2670000.0,,,199.61,6070000.0,449.25,1950000.0,502.6,11240000.0,427.87,14000000.0,95.6,4590000.0,121.79,314160000.0,167.35,4110000.0000000005,103.68,3820000.0,168.16,12440000.0,,,173.79,50870000.0,208.02,268950.0,275.04,5210000.0,66.96,21670000.0
2024-06-11,187.23,27270000.0,158.96,40500000.0,207.15,172370000.0,,789540.0,408.5,3610000.0,,,194.36,9240000.0,449.04,1780000.0,507.47,9670000.0,432.68,14550000.0,94.6,3720000.0,120.91,222550000.0,167.48,3950000.0,103.82,3750000.0,165.71,11510000.0,373.8,26500000.0,170.66,64760000.00000001,205.31,250360.0,274.67,6240000.0,66.73,13370000.0
2024-06-12,186.89,33980000.0,160.24,48330000.0,213.07,198130000.0,,978380.0,408.77,3550000.0,,,191.53,12750000.0,443.0,2740000.0,508.84,11980000.0,441.06,22370000.0,94.94,3140000.0,125.2,299600000.0,165.18,5470000.0,102.65,4080000.0,172.98,20310000.0,370.8,14960000.0,177.29,90390000.0,205.65,245220.0,270.32,7540000.0,66.31,11700000.0
2024-06-13,183.83,39720000.0,159.9,44440000.0,214.24,97860000.0,,1110000.0,405.92,4570000.0,,,193.66,8590000.0,445.0,2920000.0,504.1,9950000.0,441.58,15960000.0,95.1,2840000.0,129.61,260700000.0,166.41,4900000.0,101.98,4260000.0,172.91,15590000.0,379.8,15340000.0,182.47,118980000.0,199.35,528030.0,271.19,7360000.0,66.7,11200000.0
2024-06-14,183.66,25460000.0,159.63,34050000.0,212.49,70120000.0,,1050000.0,405.54,2770000.0,,,193.78,6870000.0,444.63,2160000.0,504.16,10240000.0,442.57,13580000.0,95.28,3680000.0,131.88,309320000.0,166.79,3690000.0,102.2,5640000.0,172.51,9190000.0,379.8,20860000.0,178.01,82040000.0,197.13,483310.0,270.66,8540000.0,67.02,12590000.0
2024-06-17,184.06,35600000.0,158.4,44510000.0,216.67,93730000.0,,844440.0,407.32,3410000.0,,,194.98,8730000.0,448.11,2350000.0,506.63,11270000.0,448.37,20790000.0,95.1,2650000.0,130.98,288500000.0,167.5,6760000.0,102.05,4840000.0,177.24,18590000.0,381.2,15280000.0,187.44,109790000.0,195.2,453610.0,271.17,9260000.0,67.42,12100000.0
2024-06-18,182.81,36660000.0,154.63,51850000.0,214.29,79940000.0,,1030000.0,407.95,4010000.0,,,197.0,9020000.0,450.11,2640000.0,499.49,13060000.0,446.34,17110000.0,94.9,1990000.0,135.58,294340000.0,168.56,5110000.0,101.24,5990000.0,179.69,27160000.0,377.0,14280000.0,184.86,68980000.0,194.14,347820.0,273.62,6710000.0,67.6,12090000.0
2024-06-20,186.1,44730000.0,161.78,93250000.0,209.68,86170000.0,,1150000.0,409.15,4850000.0,,,198.67,8730000.0,452.51,3010000.0,501.7,11800000.0,445.7,19880000.0,94.9,3750000.0,130.78,517770000.0,167.67,8480000.0,101.2,4650000.0,175.38,28400000.0,387.6,14050000.0,181.57,55890000.0,194.54,234570.0,276.82,10160000.0,68.01,13860000.0
2024-06-21,189.08,72930000.0,161.23,61330000.0,207.49,246420000.0,,1630000.0,409.62,9010000.0,,,196.3,20970000.0,454.85,5060000.0,494.78,23130000.0,449.78,34490000.0,93.7,12200000.0,126.57,655480000.0,168.26,14680000.0,99.92,10030000.0,173.96,20270000.0,381.4,25860000.0,183.01,63030000.0,193.58,284460.0,275.22,14790000.0,67.91,25890000.0
2024-06-24,185.57,50610000.0,160.25,45950000.0,208.14,80730000.0,,1030000.0,413.98,4940000.0,,,198.88,9790000.0,456.96,2600000.0,498.91,13530000.0,447.67,15910000.0,94.68,3440000.0,118.11,476060000.0,168.45,7570000.0,101.87,6490000.0,167.81,19740000.0,380.4,12920000.0,182.58,61990000.0,198.98,375610.0,276.3,24150000.0,68.9,12470000.0
2024-06-25,186.34,45900000.0,160.25,40980000.0,209.07,56710000.0,,801090.0,410.97,3880000.0,,,198.07,6920000.0,455.65,2530000.0,510.6,12110000.0,450.95,16750000.0,93.9,3300000.0,126.09,425790000.0,166.85,8320000.0,102.04,7270000.0,172.6,13480000.0,382.0,12790000.0,187.35,63680000.0,206.22,517909.99999999994,273.53,19900000.0,67.42,20900000.0
2024-06-26,193.61,65099999.99999999,157.54,36970000.0,213.25,66209999.99999999,,885120.0,410.26,3340000.0,,,197.43,7760000.0,452.38,2450000.0,513.12,8880000.0,452.16,16510000.000000002,92.9,3490000.0,126.4,362980000.0,167.45,5160000.0,101.96,4320000.0,172.07,11900000.0,382.0,11890000.0,196.37,95740000.0,203.18,306120.0,273.6,12170000.0,68.29,14180000.0
2024-06-27,197.85,74400000.0,159.47,34020000.0,214.1,49770000.0,,784300.0,407.95,3220000.0,,,199.17,7910000.0,442.75,3310000.0,519.56,10120000.0,452.85,14810000.0,92.14,3250000.0,123.99,252570000.0,166.62,5010000.0,101.57,4150000.0000000005,171.63,10860000.0,374.4,17510000.0,197.42,72750000.0,203.88,284050.0,266.59,10530000.0,67.88,12900000.0
2024-06-28,193.25,76930000.0,162.21,56200000.0,210.62,82540000.0,,837770.0,406.8,6820000.0,,,202.26,15310000.0,441.16,4110000.0000000005,504.22,15860000.0,446.95,28360000.0,91.72,3390000.0,123.54,315520000.0,164.92,9250000.0,101.33,7300000.0,173.81,11220000.0,372.4,15560000.0,197.88,95440000.0,204.97,273850.0,262.47,13960000.0,67.71,18820000.0
2024-07-01,197.2,41190000.0,157.69,50440000.0,216.75,60400000.0,,790960.0,405.19,2980000.0,,,205.45,10210000.0,437.61,3150000.0,504.68,10330000.0,456.73,17660000.0,91.88,2700000.0,124.3,284890000.0,162.72,7640000.0,101.25,2910000.0,172.33,10720000.0,,,209.86,135690000.0,203.71,267470.0,263.24,7960000.0,67.48,8670000.0
2024-07-02,200.0,45600000.0,164.31,57840000.0,220.27,58050000.0,,748730.0,407.1,3220000.0,,,208.83,7800000.0,444.65,2060000.0,509.5,7740000.0,459.28,13980000.0,92.52,3290000.0,122.67,218370000.0,163.9,5450000.0,101.64,3890000.0,175.7,10660000.0,369.2,27270000.0,231.26,205050000.0,206.21,259310.0,268.23,8700000.0,68.07,9440000.0
2024-07-03,197.59,31600000.0,163.9,26980000.0,221.55,37370000.0,,779820.0,405.77,1970000.0,,,208.69,5560000.0,448.18,3190000.0,509.96,6010000.0,460.77,9930000.0,92.56,2330000.0,128.28,215750000.0,163.83,2980000.0,101.42,1650000.0,182.49,11810000.0,379.4,22260000.0,246.39,166560000.0,206.25,212270.0,268.99,5020000.0,68.24,6290000.0
2024-07-05,200.0,39860000.0,171.9,61860000.0,226.34,60410000.0,,771090.0,411.17,5150000.0,,,204.79,8090000.0,449.49,2220000.0,539.91,21350000.0,467.56,16000000.0,92.56,2020000.0,125.83,214180000.0,165.21,6510000.0,102.12,3570000.0,183.99,11370000.0,379.8,10520000.0,251.52,154500000.0,206.45,190510.0,270.36,7990000.0,70.04,21590000.0
2024-07-08,199.29,34770000.0,178.69,60220000.0,227.82,59090000.0,,882140.0,409.08,3560000.0,,,205.17,8710000.0,446.24,1800000.0,529.32,14920000.0,466.24,12960000.0,92.84,2640000.0,128.2,237680000.0,166.52,5140000.0,102.59,6080000.0,186.63,22580000.0,378.6,11620000.0,252.94,157220000.0,204.94,200510.0,266.4,8560000.0,69.68,12080000.0
2024-07-09,199.34,32759999.999999996,177.1,43470000.0,228.68,48170000.0,,926710.0,410.52,2990000.0,,,207.63,9060000.0,444.7,1610000.0,530.0,8770000.0,459.54,17230000.0,92.56,2510000.0,131.38,287020000.0,165.66,4390000.0,101.67,4460000.0,184.52,19970000.0,381.0,13020000.0,262.33,160740000.0,201.67,230710.0,265.44,6430000.0,69.9,9780000.0
2024-07-10,199.79,32880000.000000004,183.96,90250000.0,232.98,62630000.0,,925420.0,413.79,3790000.0,,,207.8,8330000.0,433.64,4760000.0,534.69,10980000.0,466.25,18200000.0,93.3,2400000.0,134.91,248980000.0,166.8,5040000.0,102.76,3090000.0,191.05,19290000.0,377.6,15590000.0,263.26,128520000.00000001,205.88,209200.0,263.0,9640000.0,70.41,10800000.0
2024-07-11,195.05,44570000.0,181.94,59230000.0,227.57,64709999.99999999,,1150000.0,418.78,4070000.0000000005,,,207.45,10670000.0,436.42,4030000.0000000005,512.7,16460000.0,454.7,23110000.0,93.66,2680000.0,127.4,374780000.0,165.54,5830000.0,105.0,3950000.0,184.5,21580000.0,384.8,16590000.0,241.03,221710000.0,203.73,246340.0,262.55,8810000.0,69.8,15620000.0
2024-07-12,194.49,30600000.0,181.61,50830000.0,230.54,53050000.0,,1050000.0,424.44,4830000.0,,,204.94,15440000.0,440.11,2650000.0,498.87,19750000.0,453.55,16320000.0,94.66,2980000.0,129.24,252680000.0,166.61,4680000.0,105.95,3540000.0,187.35,19220000.0,397.0,27520000.0,248.23,155960000.0,207.59,218220.0,265.74,6630000.0,69.24,12150000.0
2024-07-15,192.72,40680000.0,179.83,42200000.0,234.4,62630000.0,,1370000.0,434.42,4590000.0,,,210.05,10720000.0,444.0,1730000.0,496.16,12540000.0,453.96,14430000.0,93.14,2490000.0,128.44,208330000.0,164.58,5750000.0,105.07,3610000.0,185.22,15680000.0,390.2,13680000.0,252.64,146910000.0,206.91,207910.0,268.45,6850000.0,69.61,10170000.0
2024-07-16,193.02,33990000.0,177.55,40630000.0,234.82,43230000.0,,1200000.0,438.9,4290000.0,,,213.62,11560000.0,443.53,2850000.0,489.79,14080000.0,449.52,17180000.0,92.62,2230000.0,126.36,214770000.0,166.95,6380000.0,106.1,2730000.0,186.04,16660000.0,378.0,19060000.0,256.56,126330000.0,206.6,206040.0,269.25,7870000.0,69.99,9840000.0
2024-07-17,187.93,48080000.0,159.43,76950000.0,228.88,57350000.0,932.05,5190000.0,445.61,4780000.0,,,216.87,11570000.0,451.16,2920000.0,461.99,28080000.0,443.52,21750000.0,93.62,2960000.0,117.99,390090000.0,169.44,7980000.0,108.31,5410000.0,171.2,45050000.0,371.8,25860000.0,248.5,115590000.0,204.39,266400.0,272.7,5320000.0,71.03,13530000.0
2024-07-18,183.75,51040000.0,155.77,69420000.0,224.18,66030000.0,924.15,2240000.0,441.82,4640000.0,,,209.98,12420000.0,448.72,3340000.0,475.85,19270000.0,440.37,20790000.0,94.24,3510000.0,121.09,320980000.0,168.44,5930000.0,107.46,4510000.0,171.87,52900000.0,369.2,18940000.0,249.23,110870000.0,199.85,292920.0,269.15,5550000.0,70.82,10680000.0
2024-07-19,183.13,43080000.0,151.58,47510000.0,224.31,49150000.0,895.37,2130000.0,434.47,4160000.0,,,209.78,8100000.0,443.69,2120000.0,476.79,15150000.0,437.11,20940000.0,93.78,2950000.0,117.93,217220000.0,167.96,6600000.0,107.12,4820000.0,165.77,22590000.0,364.0,23090000.0,239.2,87400000.0,197.15,236380.0,265.46,6840000.0,70.75,11670000.0
2024-07-22,182.55,39930000.0,155.87,43910000.0,223.96,48200000.0,941.26,1930000.0,435.98,3000000.0,,,210.28,7660000.0,447.94,2110000.0,487.4,12020000.0,442.94,15810000.0,94.5,2400000.0,123.54,258070000.0,168.25,6380000.0,107.22,5600000.0,169.35,21040000.0,373.2,16960000.0,251.51,101230000.0,200.14,315550.0,267.71,5310000.0,70.38,12670000.0
2024-07-23,186.41,47540000.0,154.0,31950000.0,225.01,39960000.0,932.81,1060000.0,434.01,2390000.0,,,210.33,5560000.0,441.72,2390000.0,488.69,9460000.0,444.85,13110000.0,94.26,2290000.0,122.59,173910000.0,166.62,4860000.0,109.56,7560000.0,169.82,11690000.0,366.2,12100000.0,246.38,111930000.0,200.79,283870.0,264.79,8109999.999999999,70.65,9260000.0
2024-07-24,180.83,41530000.0,144.63,49200000.0,218.54,61780000.0,872.75,1910000.0,432.8,3140000.0,,,208.59,7120000.0,432.45,3760000.0,461.27,17650000.0,428.9,26810000.0,93.56,2740000.0,114.25,327780000.0,168.0,5910000.0,111.44,7370000.0,159.8,19540000.0,363.2,11800000.0,215.99,167940000.0,197.2,211400.0,254.17,13070000.0,70.6,22490000.0
2024-07-25,179.85,44460000.0,138.32,60580000.0,217.49,51390000.0,862.63,2080000.0,433.29,3330000.0,,,208.67,6400000.0,429.6,2380000.0,453.41,18240000.0,418.4,29940000.0,88.82,10240000.0,112.28,460070000.0,166.9,7340000.0,113.2,6980000.0,160.28,25730000.0,351.2,25790000.0,220.25,100640000.0,195.25,212330.0,253.74,8570000.0,70.02,18820000.0
2024-07-26,182.5,29510000.0,139.99,49440000.0,217.96,41600000.0,888.39,1680000.0,437.66,2720000.0,,,212.24,8029999.999999999,438.18,2040000.0,465.7,14220000.0,425.27,23580000.0,87.92,6760000.0,113.06,293400000.0,169.11,5580000.0,113.36,5380000.0,161.94,13090000.0,354.4,13270000.0,219.8,94600000.0,192.52,317180.0,259.46,7060000.0,69.78,16790000.0
2024-07-29,183.2,33270000.000000004,139.75,47450000.0,218.24,36310000.0,870.55,1230000.0,438.31,2620000.0,,,210.85,6530000.0,441.3,2250000.0,465.71,11340000.0,426.73,15130000.0,88.02,3610000.0,111.59,248150000.0,169.93,6800000.0,114.4,4840000.0,160.01,12660000.0,358.2,12870000.0,232.1,129199999.99999999,192.48,205890.0,261.6,6070000.0,69.62,10320000.0
2024-07-30,181.71,39510000.0,138.44,68800000.0,218.8,41640000.0,860.24,1680000.0,441.26,3740000.0,,,215.19,8850000.0,447.45,2270000.0,463.19,11390000.0,422.92,32689999.999999996,88.68,3430000.0,103.73,486830000.0,161.7,15750000.0,114.7,5120000.0,154.54,22020000.0,353.6,9750000.0,222.62,100560000.0,193.11,284280.0,263.1,5940000.0,69.19,12520000.0
2024-07-31,186.98,41670000.0,144.48,114310000.0,222.08,50040000.0,936.7,2410000.0,438.5,3800000.0,,,212.8,9070000.0,463.71,4310000.0,474.83,24290000.0,418.35,42890000.0,89.14,4520000.0,117.02,473170000.0,160.76,9660000.0,115.16,5520000.0,165.8,19860000.0,362.2,20300000.0,232.07,67500000.0,193.55,372320.0,265.67,7640000.0,68.64,22910000.0
2024-08-01,184.07,70440000.0,132.54,94730000.0,218.36,62500000.0,883.71,1810000.0,431.81,3890000.0,,,207.96,10920000.0,462.41,2590000.0,497.74,43080000.0,417.11,30300000.0,,,109.21,523460000.00000006,165.69,12530000.0,117.46,7090000.0,158.18,21100000.0,365.6,12410000.0,216.86,83860000.0,179.07,820910.0,265.93,7270000.0,69.79,17280000.0
2024-08-02,167.9,141450000.0,132.5,78560000.0,219.86,105570000.0,809.35,3620000.0,428.36,4250000.0,,,199.14,18040000.0,462.02,3810000.0,488.14,24040000.0,408.49,29440000.0,89.4,6110000.0,107.27,482030000.0,170.08,11900000.0,117.82,7410000.0,149.86,31100000.0,358.2,17710000.0,207.67,82880000.0,173.02,674170.0,266.58,7020000.0,68.46,23580000.0
2024-08-05,161.02,83150000.0,134.82,76090000.0,209.27,119550000.0,820.35,2820000.0,413.72,7700000.0,,,194.9,13930000.0,442.0,4500000.0,475.73,21400000.0,395.15,40710000.0,87.28,5060000.0,100.45,552840000.0,168.06,10340000.0,113.56,10890000.0,147.95,31190000.0,356.6,22960000.0,198.88,100310000.0,168.35,1020000.0,256.44,9630000.0,67.59,20770000.0
2024-08-06,161.93,59950000.0,130.18,64459999.99999999,207.23,69660000.0,843.01,2000000.0,422.14,5140000.0,,,200.34,10610000.0,448.3,2760000.0,494.09,20950000.0,399.61,24950000.0,87.52,4850000.0,104.25,409010000.0,168.09,7450000.0,114.2,6280000.0,155.39,24530000.0,354.4,17670000.0,200.64,73780000.0,169.6,489780.0,258.26,21590000.0,67.74,14820000.0
2024-08-07,162.77,48410000.0,128.67,54680000.0,209.82,63520000.0,836.35,1520000.0,427.02,4750000.0,,,200.4,9200000.0,449.84,2060000.0,488.92,20110000.0,398.43,20650000.0,89.28,3370000.0,98.91,411440000.0,170.02,8390000.0,115.74,3650000.0,155.04,22380000.0,363.4,15840000.0,191.76,71160000.0,167.18,444630.0,256.52,12910000.0,66.91,18500000.0
2024-08-08,165.8,44620000.0,136.32,49040000.0,213.31,47160000.0,876.65,1450000.0,431.54,3150000.0,,,204.06,7760000.0,455.58,1590000.0,509.63,16160000.0,402.69,20200000.0,89.14,3060000.0,104.97,391910000.0,170.87,6390000.0,116.29,3550000.0,164.55,18890000.0,368.2,18810000.0,198.84,65030000.0,169.37,255000.0,259.83,8220000.000000001,67.66,12490000.0
2024-08-09,166.94,36400000.0,134.27,40580000.0,216.24,42200000.0,860.55,950460.0,431.67,2600000.0,,,205.8,5540000.0,456.78,1760000.0,517.77,13700000.0,406.02,19280000.0,89.0,2310000.0,104.75,290840000.0,170.54,5380000.0,116.01,3810000.0,167.12,20520000.0,370.0,16350000.000000002,200.0,58650000.0,168.59,274490.0,259.76,7230000.0,67.95,13810000.0
2024-08-12,166.8,30070000.0,136.77,39720000.0,217.53,38030000.0,852.86,1150000.0,430.39,2380000.0,,,206.19,6940000.0,455.69,1760000.0,515.95,9770000.0,406.81,16760000.000000002,88.64,2020000.0,109.02,325560000.0,166.81,7210000.0,116.09,4860000.0,167.63,14730000.0,375.0,10220000.0,197.49,64050000.0,167.97,296540.0,259.89,26770000.0,68.7,17390000.0
2024-08-13,170.23,39240000.0,141.13,42220000.0,221.27,44160000.0,869.49,1530000.0,432.41,3470000.0,,,207.94,6390000.0,459.36,1820000.0,528.54,13740000.0,414.01,19410000.0,88.68,2280000.0,116.14,312650000.0,167.29,3770000.0,117.91,5330000.0,172.34,15240000.0,378.6,13590000.0,207.83,76250000.0,172.39,429100.0,260.13,12010000.0,68.13,26560000.0
2024-08-14,170.1,28840000.0,140.75,35510000.0,221.72,41960000.0,879.58,887660.0,438.47,2860000.0,,,210.24,7000000.0,460.16,1650000.0,526.76,11440000.0,416.86,18270000.0,89.3,2440000.0,118.08,339250000.0,168.8,5480000.0,117.2,4070000.0000000005,169.97,11510000.0,373.8,18690000.0,201.38,70250000.0,177.01,350410.0,261.14,8550000.0,68.66,22930000.0
2024-08-15,177.59,51700000.0,147.36,43580000.0,224.72,46410000.0,928.25,1460000.0,440.84,3230000.0,,,211.55,7000000.0,468.71,2130000.0,537.33,13480000.0,421.03,20750000.0,89.28,3090000.0,122.86,318090000.0,167.92,9490000.0,117.89,4420000.0,173.96,15390000.0,368.4,21440000.0,214.14,89850000.0,181.79,693480.0,266.8,7400000.0,73.18,49570000.0
2024-08-16,177.06,31490000.0,148.56,31120000.0,226.05,44340000.0,918.66,804220.0,444.51,3340000.0,,,213.97,7930000.0,468.88,1920000.0,527.42,14780000.0,418.47,22780000.0,89.82,2470000.0,124.58,302590000.0,167.89,5640000.0,118.06,3710000.0,174.54,10710000.0,372.6,16410000.0,216.12,88770000.0,182.67,337340.0,267.38,5110000.0,73.45,19870000.0
2024-08-19,178.22,31130000.0,155.28,60770000.0,225.89,40690000.0,933.15,1020000.0,448.77,3390000.0,,,215.45,6090000.0,466.98,1690000.0,529.28,9880000.0,421.53,15230000.0,90.18,1890000.0,130.0,318330000.0,168.42,3890000.0,118.45,3700000.0,175.45,11510000.0,372.6,15210000.0,222.72,76440000.0,183.7,242680.0,266.47,6560000.0,73.72,13710000.0
2024-08-20,178.88,26260000.0,156.4,76850000.0,226.51,30300000.0,926.18,921260.0,448.36,2910000.0,,,214.52,5640000.0,469.12,1760000.0,526.73,7940000.0,424.8,16390000.0,89.28,2760000.0,127.25,300090000.0,170.41,4510000.0,118.98,3840000.0,172.04,13560000.0,370.4,11850000.0,221.1,74000000.0,181.34,180410.0,268.04,6800000.0,74.54,14430000.0
2024-08-21,180.11,35600000.0,157.81,42790000.0,226.4,34770000.0,943.61,646460.0,446.6,3030000.0,,,214.6,5200000.0,468.0,2110000.0,535.16,13420000.0,424.14,16070000.0,89.44,2750000.0,128.5,257880000.0,170.16,4080000.0,120.0,4160000.0,171.44,9430000.0,371.6,11650000.0,223.27,70150000.0,183.62,298350.0,268.2,6640000.0,75.24,14830000.0
2024-08-22,176.13,32049999.999999996,151.7,45740000.0,224.53,43700000.0,907.71,1090000.0,449.03,3500000.0,,,216.63,5250000.0,468.82,1540000.0,531.93,15710000.0,415.55,19360000.0,89.44,2300000.0,123.74,376190000.0,170.15,4099999.9999999995,120.1,4160000.0,166.44,13550000.0,377.8,16790000.0,210.66,79510000.0,181.5,179900.0,267.94,4430000.0,75.58,16510000.000000002
2024-08-23,177.04,29150000.0,154.98,43690000.0,226.84,38680000.0,907.26,1400000.0,453.38,2810000.0,,,218.31,7210000.0,466.44,1990000.0,528.0,11320000.0,416.79,18490000.0,89.54,7060000.0,129.37,323230000.0,169.17,4770000.0,120.15,2900000.0,171.28,12190000.0,375.6,13060000.0,220.32,81530000.0,185.09,241860.0,267.44,3700000.0,75.7,12300000.0
2024-08-26,175.5,22370000.0,149.99,49890000.0,227.18,30600000.0,883.31,1250000.0,454.49,3580000.0,,,219.17,5110000.0,468.64,1430000.0,521.12,9580000.0,413.49,13150000.0,89.72,2450000.0,126.46,331960000.0,170.35,6470000.0,121.25,3060000.0,169.07,9610000.0,382.0,16250000.0,213.21,59300000.0,180.57,337570.0,268.21,4610000.0,76.03,9510000.0
2024-08-27,173.12,29840000.0,150.5,35100000.0,228.03,35930000.0,889.88,661610.0,460.63,3760000.0,,,220.18,5190000.0,474.99,1640000.0,519.1,6280000.0,413.84,13490000.0,89.68,2720000.0,128.3,303140000.0,169.25,4460000.0,122.41,3510000.0,170.55,9190000.0,381.8,13680000.0,209.21,62820000.0,185.75,657290.0,270.72,6590000.0,76.13,11560000.0
2024-08-28,170.8,29050000.0,146.36,34080000.0,226.49,38050000.0,888.13,727340.0,464.59,4840000.0,,,221.29,6510000.0,471.8,1450000.0,516.78,9110000.0,410.6,14880000.0,90.32,3000000.0,125.61,448100000.0,169.06,5650000.0,122.57,4430000.0,169.2,10580000.0,374.2,14600000.0,205.75,64120000.00000001,187.67,366430.0,269.19,5460000.0,76.08,9810000.0
2024-08-29,172.12,26410000.0,145.49,31600000.0,229.79,51910000.0,887.71,1170000.0,468.37,4460000.0,,,222.21,6420000.0,480.8,1890000.0,518.22,8320000.0,413.12,17050000.0,91.24,3200000.0,117.59,453020000.0,170.03,4410000.0,122.55,3620000.0,169.15,13210000.0,377.6,12890000.0,206.28,62310000.0,187.77,215600.0,274.32,5570000.0,76.42,11860000.0
2024-08-30,178.5,43430000.0,148.56,31170000.0,229.0,52990000.0,903.87,991240.0,475.92,7470000.0,,,224.8,8570000.0,483.34,2980000.0,521.31,9160000.0,417.14,24310000.0,91.02,6960000.0,119.37,333750000.0,171.54,7300000.0,123.29,5600000.0,171.7,9480000.0,382.0,30870000.0,214.11,63370000.0,189.8,240720.0,276.37,6300000.0,77.23,23230000.0
2024-09-03,176.25,37820000.0,136.94,42170000.0,222.77,50190000.0,845.39,1870000.0,476.83,7510000.0,,,220.3,8960000.0,482.12,2060000.0,511.76,12460000.0,409.44,20310000.0,91.48,4410000.0,108.0,477160000.0,174.52,10100000.0,125.71,6350000.0,160.49,18460000.0,378.2,9810000.0,210.6,76710000.0,186.15,329840.0,278.54,7280000.0,77.17,22670000.0
2024-09-04,173.33,30310000.0,140.87,42130000.0,220.85,43840000.0,811.48,2350000.0,478.57,5320000.0,,,219.33,7390000.0,483.14,2160000.0,512.74,8340000.0,408.9,15140000.0,89.64,3710000.0,106.21,372470000.0,175.9,7520000.0,126.61,5340000.0,160.87,11320000.0,372.8,13280000.0,219.41,80650000.0,184.71,218260.0,280.49,6110000.0,77.24,18440000.0
2024-09-05,177.89,40170000.0,139.44,25020000.0,222.38,36620000.0,795.6,1670000.0,464.92,6210000.0,,,217.63,8070000.0,477.36,2290000.0,516.86,8640000.0,408.39,14200000.0,88.48,5180000.0,107.21,306850000.0,175.47,6060000.0,125.18,5640000.0,163.7,10260000.0,373.4,9580000.0,230.17,119360000.0,182.8,224550.0,278.62,6450000.0,76.96,13080000.0
2024-09-06,171.39,41470000.0,134.35,39990000.0,220.82,48420000.0,752.79,3290000.0,459.42,4400000.0,,,212.46,7780000.0,476.12,2120000.0,500.27,14740000.0,401.7,19610000.0,87.54,5420000.0,102.83,413640000.0,175.59,5790000.0,125.81,8410000.0,156.82,14960000.0,,,210.73,112180000.0,177.18,288730.0,279.37,7190000.0,76.64,14550000.0
2024-09-09,175.4,29040000.0,138.15,27190000.0,220.91,67180000.0,749.82,2540000.0,459.61,4570000.0,,,216.81,8940000.0,487.09,2340000.0,504.79,11050000.0,405.72,15300000.0,88.1,3190000.0,106.47,273910000.0,176.06,6450000.0,127.45,4500000.0,162.78,10340000.0,371.2,20080000.0,216.27,67440000.0,176.08,408350.0,285.61,10930000.0,77.34,22260000.0
2024-09-10,179.55,36230000.0,142.84,37220000.0,220.11,51590000.0,751.38,1520000.0,458.92,3540000.0,,,205.56,28410000.0,488.02,2230000.0,504.79,9900000.0,414.2,19590000.0,88.3,3130000.0,108.1,268279999.99999997,177.79,6400000.0,126.75,4920000.0,162.43,11910000.0,368.6,12300000.0,226.17,78890000.0,174.18,479240.0,285.34,5310000.0,78.81,17690000.0
2024-09-11,184.52,42560000.0,149.86,50940000.0,222.66,44590000.0,800.14,2560000.0,453.1,5770000.0,,,207.23,13660000.0,488.18,2480000.0,511.83,10780000.0,423.04,19270000.0,87.76,3720000.0,116.91,441420000.0,173.92,6830000.0,125.26,4510000.0,170.23,15060000.0,370.2,12040000.0,228.13,83550000.0,174.69,415190.0,283.96,6280000.0,78.84,19520000.0
2024-09-12,187.0,33620000.0,150.77,29290000.0,222.77,37500000.0,800.17,1320000.0,450.87,3860000.0,,,206.6,9060000.0,492.11,2300000.0,525.6,11990000.0,427.0,17420000.0,87.88,4200000.0,119.14,367100000.0,173.47,4840000.0,124.65,6060000.0,171.43,13420000.0,372.6,13800000.0,229.81,72020000.0,176.18,267810.0,285.37,4160000.0,79.66,14880000.0
2024-09-13,186.49,26500000.0,152.31,25120000.0,222.5,36770000.0,816.36,1070000.0,447.61,3880000.0,,,204.32,10230000.0,493.36,2200000.0,524.62,10320000.0,430.59,15870000.0,87.6,2760000.0,119.1,238360000.0,174.08,3920000.0,125.62,3780000.0,172.5,8790000.0,374.8,11010000.0,230.29,59520000.0,175.39,217800.0,287.35,4990000.0,80.6,12990000.0
2024-09-16,184.89,26070000.0,152.08,27680000.0,216.32,59360000.0,803.04,1150000.0,451.78,3260000.0,,,207.86,8630000.0,497.71,1590000.0,533.28,9530000.0,431.34,13830000.0,86.76,,116.78,248770000.0,177.24,6890000.0,125.97,5550000.0,169.08,12190000.0,377.8,7690000.0,226.78,54320000.0,176.23,274320.0,290.48,4460000.0,80.56,15350000.0
2024-09-17,186.88,26090000.0,150.82,29890000.0,216.79,45520000.0,805.69,734550.0,456.68,3820000.0,,,209.25,7570000.0,500.99,2200000.0,536.32,11690000.0,435.15,18870000.0,86.46,3330000.0,115.59,231930000.0,175.88,4760000.0,123.23,6340000.0,167.35,8580000.0,380.0,10150000.0,227.87,66760000.00000001,173.15,502580.0,291.56,5140000.0,78.6,21070000.0
2024-09-18,186.43,34450000.0,148.29,26320000.0,220.69,59890000.0,787.84,1250000.0,456.6,3070000.0,,,207.53,8260000.0,494.76,2190000.0,537.95,10320000.0,430.81,18900000.0,85.7,3880000.0,113.37,310320000.0,173.92,5100000.0,120.96,9400000.0,167.28,9120000.0,,,227.2,78010000.0,176.71,563820.0,288.48,5890000.0,79.03,15680000.0
2024-09-19,189.87,39540000.0,156.74,44500000.0,228.87,66780000.0,828.16,1640000.0,459.71,3890000.0,,,210.48,11640000.0,493.01,3520000.0,559.1,15650000.0,438.69,21710000.0,85.4,5190000.0,117.87,293510000.0,171.54,8690000.0,119.74,7690000.0,176.22,15860000.0,388.8,25800000.0,243.92,102700000.0,183.47,494500.0,285.24,10380000.0,78.04,21530000.0
2024-09-20,191.6,100380000.0,155.95,40250000.0,228.2,318680000.0,795.28,2750000.0,455.31,8470000.0,,,211.09,20880000.0,492.74,3470000.0,561.35,22070000.0,435.27,55170000.0,82.04,17740000.0,116.0,382460000.0,174.22,28650000.0,120.79,18370000.0,174.08,18430000.0,388.6,28410000.0,238.25,99880000.0,184.07,534070.0,284.77,27810000.0,79.06,39530000.0
2024-09-23,193.88,36990000.0,156.75,21730000.0,226.47,54150000.0,803.5,965580.0,454.98,3490000.0,,,211.44,7220000.0,497.14,2190000.0,564.41,12830000.0,433.51,15130000.0,82.88,5100000.0,116.26,206230000.0,173.77,10270000.0,121.09,4640000.0,174.76,5790000.0,387.6,15220000.0,250.0,86930000.0,185.4,357930.0,288.63,6510000.0,80.33,12150000.0
2024-09-24,193.96,43480000.0,158.32,27530000.0,227.37,43560000.0,814.0,881230.0,454.56,3010000.0,,,211.59,7320000.0,487.41,4139999.9999999995,563.33,12990000.0,429.17,17020000.0,84.0,4540000.0,120.87,354970000.0,173.24,5420000.0,121.21,4059999.9999999995,181.97,14580000.0,402.2,42920000.0,254.27,88490000.0,183.53,284990.0,272.78,13690000.0,80.67,14650000.0
2024-09-25,192.53,26390000.0,162.02,35230000.0,226.37,42310000.0,818.18,878180.0,452.36,2840000.0,,,210.19,8980000.0,489.45,3480000.0,568.31,16540000.0,432.11,13400000.0,84.36,3420000.0,123.51,284690000.0,172.26,8920000.0,121.69,6470000.0,182.35,8279999.999999999,405.4,40110000.0,257.02,65030000.0,184.16,213820.0,269.63,11670000.0,81.4,14160000.0
2024-09-26,191.16,36330000.0,167.49,38040000.0,227.52,36640000.0,852.44,1570000.0,454.18,3260000.0,,,209.78,7810000.0,491.27,3070000.0,567.84,14400000.0,431.31,14490000.0,84.82,4340000.0,124.04,302580000.0,173.21,4960000.0,120.85,6350000.0,186.83,15100000.0,430.0,50250000.0,254.22,67140000.0,189.36,449750.0,271.69,9550000.0,79.92,17060000.0
2024-09-27,187.97,36000000.0,164.35,27880000.0,227.79,34030000.0,841.54,1040000.0,457.47,2730000.0,,,210.5,7030000.0,493.64,2180000.0,567.36,9400000.0,428.02,14900000.0,85.2,3150000.0,121.4,271010000.0,173.55,4600000.0,120.62,6050000.0,177.97,17910000.0,437.8,57150000.0,260.46,70990000.0,182.82,575170.0,275.17,6510000.0,79.78,11900000.0
2024-09-30,186.33,41680000.0,164.08,21920000.0,233.0,54790000.0,833.25,995070.0,460.26,3640000.0,,,210.86,8670000.0,493.8,2860000.0,572.44,12810000.0,430.3,16850000.0,84.96,4030000.0000000005,121.44,227050000.0,173.2,6300000.0,121.4,6950000.0,173.67,13560000.0,444.6,75460000.0,261.63,80870000.0,178.57,458900.0,274.95,5970000.0,80.75,19010000.0
2024-10-01,185.13,36040000.0,159.75,31830000.0,226.21,63290000.0,822.35,1240000.0,457.41,3040000.0,,,207.04,8540000.0,496.38,3750000.0,576.47,15260000.0,420.69,19090000.0,84.92,4340000.0,117.0,302090000.0,173.04,7130000.0,120.59,5470000.0,172.07,11850000.0,,,258.02,87400000.0,178.06,391170.0,277.6,5780000.0,81.27,16050000.0
2024-10-02,184.76,23700000.0,159.78,24630000.0,226.78,32880000.000000004,832.19,898370.0,456.67,2800000.0,,,207.29,5810000.0,495.57,1740000.0,572.81,6520000.0,417.13,16579999.999999998,85.06,4680000.0,118.85,221850000.0,171.92,6210000.0,119.6,3430000.0,175.8,11160000.0,470.0,48770000.0,249.02,93980000.0,180.5,295140.0,277.0,4740000.0,80.43,16620000.000000002
2024-10-03,181.96,30200000.0,162.85,29600000.0,225.67,34040000.0,832.41,651880.0,452.96,2560000.0,,,205.23,7250000.0,494.97,1380000.0,582.77,11580000.0,416.54,13690000.0,83.98,3780000.0,122.85,277120000.0,170.12,4790000.0,118.38,4520000.0,179.48,12560000.0,466.2,31600000.0,240.66,80730000.0,176.17,394840.0,276.86,3040000.0,80.43,11640000.0
2024-10-04,186.51,41080000.0,170.9,44640000.0,226.8,37350000.0,833.0,862840.0,461.97,3090000.0,,,211.22,10210000.0,497.7,1940000.0,595.94,14200000.0,416.06,19190000.0,83.72,2830000.0,124.92,244470000.0,168.88,6000000.0,119.1,4120000.0,181.16,10000000.0,477.6,24660000.0,250.08,86730000.0,180.02,309550.0,277.93,4260000.0,80.94,11590000.0
2024-10-07,180.8,42360000.0,170.97,38380000.0,221.69,39510000.0,817.25,898160.0,453.5,3220000.0,,,210.93,6720000.0,491.3,1990000.0,584.78,12010000.0,409.54,20920000.0,83.62,2430000.0,127.72,346250000.0,167.12,6330000.0,118.91,5110000.0,184.51,12050000.0,478.4,25330000.0,240.83,68110000.0,177.32,228880.0,273.79,4340000.0,79.1,16790000.0
2024-10-08,182.72,26370000.0,172.8,34730000.0,225.77,31860000.0,824.26,1270000.0,453.8,2230000.0,,,210.75,6020000.0,497.06,1750000.0,592.89,7860000.0,414.71,19230000.0,83.34,3350000.0,132.89,285720000.0,168.16,7470000.0,118.8,3520000.0,186.05,10390000.0,438.6,70470000.0,244.5,56300000.0,175.76,326090.0,274.96,4370000.0,79.71,15270000.0
2024-10-09,185.17,26340000.0,171.02,33890000.0,229.54,33590000.0,845.9,1000000.0,455.9,2210000.0,,,213.42,7020000.0,499.95,1710000.0,590.51,9530000.0,417.46,14970000.0,83.96,3480000.0,132.65,246190000.0,169.27,8760000.0,120.18,3210000.0,187.14,11930000.0,434.2,46370000.0,241.05,66290000.00000001,173.99,416310.0,276.93,4120000.0,80.4,12410000.0
2024-10-10,186.65,27790000.0,164.18,75110000.0,229.04,28180000.0,833.97,876270.0,454.93,2380000.0,,,212.84,7930000.0,498.02,1490000.0,583.83,7740000.0,415.84,13850000.0,83.8,3100000.0,134.81,242310000.0,168.95,6930000.0,119.39,3610000.0,185.78,6440000.0,438.8,33110000.0,238.77,83090000.0,174.35,241570.0,277.47,4059999.9999999995,79.61,10810000.0
2024-10-11,188.82,25750000.0,167.89,42140000.0,227.55,31760000.0,840.69,964930.0,460.21,3240000.0,,,222.29,18320000.0,502.26,1920000.0,589.95,8590000.0,416.32,14140000.0,84.0,2240000.0,134.8,170210000.0,171.09,7040000.0,120.1,2630000.0,190.81,12160000.0,,,217.8,142630000.0,174.06,344600.0,277.84,4750000.0,80.1,9570000.0
2024-10-14,187.54,22610000.0,165.27,31760000.0,231.3,39880000.0,872.27,1770000.0,459.98,2970000.0,,,221.48,9050000.0,506.66,2130000.0,590.42,8250000.0,419.14,16649999.999999998,84.32,2670000.0,138.07,232350000.0,172.51,5910000.0,120.08,3720000.0,192.21,11710000.0,436.0,30320000.0,219.16,86290000.0,175.1,316340.0,280.68,4000000.0,80.29,9910000.0
2024-10-15,187.69,32180000.0,156.64,50770000.0,233.85,64750000.0,730.43,9350000.0,462.68,3930000.0,,,222.39,9240000.0,507.23,2890000.0,586.27,9560000.0,418.74,18900000.0,83.88,3550000.0,131.6,377830000.0,173.57,7170000.0,120.42,5500000.0,187.13,21810000.0,417.0,33479999.999999996,219.57,62990000.0,169.55,858870.0,279.29,5810000.0,81.65,13280000.0
2024-10-16,186.89,23460000.0,156.13,30580000.0,231.78,34080000.0,683.52,10300000.0,465.69,3170000.0,,,223.64,6380000.0,514.07,2960000.0,576.79,11270000.0,416.12,15510000.0,83.88,3360000.0,135.72,264880000.0,172.38,6120000.0,120.89,2790000.0,187.48,18690000.0,415.8,22490000.0,221.33,49630000.0,171.5,508130.0,287.52,9440000.0,81.22,11120000.0
2024-10-17,187.53,25040000.0,156.25,29490000.0,232.15,32990000.000000004,700.6,7210000.0,465.85,2520000.0,,,224.42,6470000.0,513.76,2230000.0,576.93,8700000.0,416.72,14820000.0,86.0,8050000.000000001,136.93,306440000.0,172.28,7050000.0,120.14,2930000.0,205.84,62270000.0,412.6,16480000.0,220.89,50790000.0,171.2,516179.99999999994,290.39,8820000.0,80.89,9420000.0
2024-10-18,188.99,37420000.0,155.97,23820000.0,235.0,46430000.0,723.26,4540000.0,464.8,5640000.0,,,225.37,7000000.0,516.34,2600000.0,576.47,7690000.0,418.16,17150000.0,85.98,4330000.0,138.0,176090000.0,171.28,8369999.999999999,120.21,4050000.0,200.78,21030000.0,430.8,25960000.0,220.7,49610000.0,171.53,400410.0,290.62,5350000.0,81.31,12320000.0
2024-10-21,189.07,24640000.0,157.9,25780000.0,236.48,36250000.0,714.1,2180000.0,464.16,3130000.0,,,223.0,5870000.0,515.01,2220000.0,575.16,8170000.0,418.78,14210000.0,86.36,4350000.0,143.71,264560000.0,169.54,5520000.0,118.96,5600000.0,201.95,14820000.0,421.0,16329999.999999998,218.85,47330000.0,169.17,420180.0,286.85,6310000.0,80.81,9750000.0
2024-10-22,189.7,29650000.0,154.09,35000000.0,235.86,38850000.0,720.91,2069999.9999999998,461.45,3320000.0,,,224.12,9590000.0,513.02,1860000.0,582.01,8540000.0,427.51,25480000.0,85.52,3880000.0,143.59,226310000.0,169.7,7510000.0,131.41,14410000.0,198.48,11170000.0,421.6,11030000.0,217.97,43270000.0,169.93,393130.0,284.79,5740000.0,82.02,12240000.0
2024-10-23,184.71,31940000.0,152.91,26100000.0,230.76,52290000.0,708.62,1680000.0,460.61,3660000.0,,,223.41,6180000.0,513.73,1760000.0,563.69,14250000.0,424.6,19650000.0,85.38,3390000.0,139.56,285930000.0,169.58,4840000.0,131.41,6990000.0,200.86,16540000.0,428.2,14660000.0,213.65,80940000.0,171.33,398120.0,283.76,5250000.0,83.27,13060000.0
2024-10-24,186.38,21650000.0,153.44,22880000.0,230.57,31110000.0,710.81,1850000.0,457.77,3790000.0,,,224.98,6000000.0,510.62,1910000.0,567.78,7180000.0,424.73,13580000.0,84.82,3900000.0,140.41,172360000.0,169.62,5860000.0,132.8,5380000.0,197.93,9940000.0,422.0,11200000.0,260.48,204490000.0,170.43,288580.0,283.22,4680000.0,83.04,11650000.0
2024-10-25,187.83,29360000.0,156.23,29760000.0,231.41,38800000.0,711.7,1380000.0,454.01,2840000.0,,,222.31,6370000.0,507.36,1580000.0,573.25,11340000.0,428.15,16900000.0,84.54,2390000.0,141.54,205120000.0,168.22,4880000.0,129.86,3890000.0,203.44,13430000.0,421.0,11950000.0,269.19,161610000.0,172.0,273880.0,281.73,4460000.0,82.51,8960000.0
2024-10-28,188.39,27930000.0,159.92,36010000.0,233.4,36090000.0,708.65,1180000.0,458.49,4099999.9999999995,,,225.5,6840000.0,508.21,2190000.0,578.16,10930000.0,426.59,14880000.0,84.4,2620000.0,140.52,173590000.0,169.3,5750000.0,130.5,5530000.0,194.68,20140000.0,417.2,15550000.0,262.51,107650000.0,176.63,457280.0,284.19,4310000.0,82.75,7990000.0
2024-10-29,190.83,35690000.0,166.25,71900000.0,233.67,35420000.0,715.14,1450000.0,454.62,3990000.0,,,222.9,6580000.0,506.28,2069999.9999999998,593.28,13020000.0,431.95,17640000.0,83.06,4090000.0,141.25,157590000.0,167.17,5680000.0,131.57,5500000.0,196.94,13780000.0,418.4,13800000.0,259.52,80520000.0,176.03,357260.0,281.88,7530000.0,81.7,9680000.0
2024-10-30,192.73,37710000.0,148.6,87700000.0,230.1,47070000.0,683.83,3090000.0,454.96,2690000.0,,,224.41,7110000.0,513.69,3120000.0,591.8,26860000.0,432.53,29750000.0,82.42,3680000.0,139.34,179420000.0,166.16,5520000.0,132.11,4390000.0,194.48,10010000.0,411.0,17900000.0,257.55,53990000.0,175.21,222770.0,290.16,9610000.0,81.39,9270000.0
2024-10-31,186.4,75150000.0,144.07,44390000.0,225.91,64370000.00000001,672.55,2400000.0,450.92,3660000.0,,,221.92,7830000.0,499.59,5520000.0,567.58,26840000.0,406.35,53970000.0,81.58,4620000.0,132.76,270040000.0,165.18,6060000.0,132.7,5670000.0,190.54,13060000.0,404.6,22750000.0,249.85,66580000.0,173.02,235010.0,289.85,7950000.0,81.95,15540000.0
2024-11-01,197.93,99690000.0,141.86,39030000.0,222.91,65280000.0,674.73,1800000.0,452.14,2970000.0,,,222.94,6920000.0,508.08,3750000.0,567.16,15300000.0,410.37,24230000.0,82.72,3870000.0,135.4,207130000.0,165.1,5460000.0,130.65,5830000.0,192.95,12690000.0,419.2,21090000.0,248.98,57550000.0,172.83,234230.0,290.74,5470000.0,82.19,12180000.0
2024-11-04,195.78,38490000.0,140.71,29120000.0,222.01,44940000.0,671.16,1230000.0,442.29,5730000.0,,,219.78,8230000.0,505.58,2170000.0,560.68,12060000.0,408.46,19670000.0,81.78,3470000.0,136.05,187530000.0,165.08,5130000.0,130.33,3920000.0,191.56,10920000.0,419.0,11710000.0,242.84,68800000.0,172.7,253410.0,291.85,4280000.0,82.45,11730000.0
2024-11-05,199.5,30560000.0,141.66,27070000.0,223.45,28110000.0,676.46,1280000.0,445.06,3150000.0,,,221.49,5600000.0,505.56,2130000.0,572.43,9780000.0,411.46,17630000.0,80.82,4720000.0,139.91,160540000.0,165.76,4400000.0,132.19,3330000.0,195.76,10340000.0,427.8,15270000.0,251.44,69280000.0,174.73,353400.0,293.29,3750000.0,83.68,10610000.0
2024-11-06,207.09,72290000.0,145.1,32909999.999999996,222.72,54560000.0,661.43,3210000.0,468.9,6910000.0,,,247.06,23990000.0,521.13,3670000.0,572.05,18310000.0,420.18,26680000.0,79.36,6260000.0,145.61,242040000.0,161.05,11470000.0,125.31,10220000.0,193.22,19830000.0,419.8,20760000.0,288.53,165230000.0,175.15,633030.0,307.4,10320000.0,83.44,19970000.0
2024-11-07,210.05,52880000.0,149.82,30330000.0,227.48,42140000.0,677.21,1760000.0,460.13,4240000.0,,,236.38,16450000.0,517.88,2380000.0,591.7,14650000.0,425.43,19900000.0,79.46,4900000.0,148.88,207320000.0,163.41,9060000.0,123.78,10550000.0,201.19,14870000.0,428.4,19920000.0,296.91,117310000.0,178.45,638020.0,305.8,6240000.0,83.85,12670000.0
2024-11-08,208.18,36080000.0,147.95,27560000.0,226.96,38330000.0,669.47,1730000.0,463.41,3540000.0,,,236.98,9500000.0,524.76,2220000.0,589.34,9420000.0,422.54,16890000.0,78.98,3910000.0,147.63,175670000.0,167.71,7510000.0,126.24,6370000.0,201.2,13110000.0,420.8,19390000.0,321.22,204780000.0,172.03,504150.0,307.87,6240000.0,84.83,14400000.0
2024-11-11,206.84,35460000.0,147.35,29870000.0,224.23,42010000.0,671.31,1520000.0,467.36,4120000.0,,,239.29,9020000.0,530.12,2210000.0,583.17,10210000.0,418.01,24500000.0,79.02,4080000.0,145.26,182330000.0,166.03,6360000.0,124.95,5100000.0,194.05,16610000.0,413.2,22860000.0,350.0,210520000.0,174.1,310350.0,310.92,4670000.0,84.21,10430000.0
2024-11-12,208.91,38940000.0,143.63,33560000.0,224.23,40400000.0,669.18,1710000.0,466.29,4400000.0,,,239.56,6860000.0,529.17,2580000.0,584.82,16290000.0,423.03,19400000.0,78.0,5120000.0,148.29,198640000.0,165.84,6510000.0,124.22,3840000.0,191.77,11820000.0,403.8,27300000.0,328.49,155730000.0,174.99,324740.0,309.85,4620000.0,84.99,12860000.0
2024-11-13,214.1,46210000.0,139.3,35150000.0,225.12,48570000.0,673.41,2450000.0,468.1,2860000.0,,,241.16,11470000.0,521.88,2680000.0,580.0,10760000.0,425.2,21500000.0,77.72,4050000.0,146.27,191900000.0,166.58,5410000.0,125.24,4940000.0,186.66,13880000.0,403.8,28310000.0,330.24,125410000.0,172.35,268590.0,309.48,4050000.0,85.5,12800000.0
2024-11-14,211.48,42620000.0,138.84,31680000.0,228.22,44920000.0,692.96,3930000.0,467.7,3780000.0,,,241.87,10170000.0,520.4,2480000.0,577.16,11050000.0,426.89,30250000.0,78.74,5030000.0,146.76,194460000.0,167.08,7440000.0,128.2,6850000.0,188.5,11450000.0,403.4,34900000.0,311.18,120730000.0,173.48,424920.0,308.25,4420000.0,84.47,15740000.0
2024-11-15,202.61,86590000.0,134.9,44220000.0,225.0,47920000.0,658.63,3060000.0,470.28,5820000.0,,,245.31,11520000.0,521.89,2410000.0,554.08,17710000.0,415.0,28250000.0,77.52,5590000.0,141.98,250130000.0,169.54,9940000.0,128.59,9070000.0,186.01,9830000.0,401.0,29060000.0,320.72,114440000.0,172.84,282330.0,309.64,5110000.0,84.25,17370000.0
2024-11-18,201.7,36510000.0,138.93,38780000.0,228.02,44690000.0,665.23,2009999.9999999998,472.2,3360000.0,,,245.03,9050000.0,521.63,2490000.0,554.4,14350000.0,415.76,24740000.0,78.18,3480000.0,140.15,221870000.0,170.75,6680000.0,131.72,4910000.0,187.48,10690000.0,404.2,20490000.0,338.74,126550000.0,174.78,289390.0,312.16,4590000.0,84.08,25280000.0
2024-11-19,204.61,31200000.0,139.39,23130000.0,228.28,36210000.0,662.16,1640000.0,468.86,3660000.0,,,243.09,6790000.0,519.46,2720000.0,561.09,9520000.0,417.79,18130000.0,76.66,6980000.0,147.01,227840000.0,170.76,5680000.0,129.54,5480000.0,189.67,9390000.0,406.2,13880000.0,346.0,88850000.0,175.39,254580.0,311.85,4890000.0,86.6,36340000.0
2024-11-20,202.88,32770000.000000004,137.6,28840000.0,229.0,35170000.0,658.43,1680000.0,468.83,3020000.0,,,240.78,9020000.0,512.54,2410000.0,565.52,9800000.0,415.49,19190000.0,76.52,5610000.0,145.89,309870000.0,170.89,7080000.0,130.39,4170000.0,188.36,10620000.0,410.8,15010000.0,342.03,66340000.0,172.91,295510.0,307.39,6350000.0,87.18,18180000.0
2024-11-21,198.38,58800000.0,137.49,29310000.0,228.52,42110000.0,672.16,2860000.0,472.06,4120000.0,,,244.76,8780000.0,515.1,3080000.0,563.09,11150000.0,412.87,20780000.0,75.96,5390000.0,146.67,400950000.0,172.75,6240000.0,131.21,3610000.0,191.24,18140000.0,407.6,12500000.0,339.64,58010000.0,173.38,314750.0,309.9,5760000.0,88.39,18730000.0
2024-11-22,197.12,31530000.0,138.35,21780000.0,229.87,38170000.0,672.88,1280000.0,476.57,3890000.0,,,248.55,8000000.0,520.86,3130000.0,559.14,9160000.0,417.0,24810000.0,76.0,6980000.0,141.95,236410000.0,176.28,10610000.0,129.99,4110000.0000000005,190.08,8840000.0,400.6,16950000.0,352.56,89140000.0,174.4,369060.0,309.92,5920000.0,90.44,23990000.0
2024-11-25,201.45,40690000.0,141.13,30920000.0,232.87,90150000.0,684.47,1510000.0,477.43,5250000.0,,,250.29,10300000.0,526.6,4500000.0,565.11,13600000.0,418.79,27690000.0,75.96,8320000.0,136.02,344940000.0,177.39,19360000.0,130.71,4360000.0,185.08,14380000.0,395.2,27890000.0,338.59,95890000.0,175.83,347930.0,313.19,14190000.0,89.5,25080000.0
2024-11-26,207.86,41670000.0,137.72,32090000.000000004,235.06,45990000.0,671.97,1420000.0,478.56,3330000.0,,,249.97,6210000.0,528.48,2330000.0,573.54,10360000.0,427.99,23460000.0,75.84,4670000.0,136.92,190290000.0,179.31,6280000.0,132.28,3460000.0,183.84,10190000.0,393.8,16940000.0,338.23,62300000.0,172.52,410690.0,311.82,7070000.0,91.31,16660000.0
2024-11-27,205.74,28060000.0,136.24,30180000.0,234.93,33500000.0,670.48,1230000.0,483.08,5360000.0,,,249.79,5470000.0,532.38,2089999.9999999998,569.2,7200000.0,422.99,18330000.0,76.36,4110000.0000000005,135.34,226370000.0,179.36,5520000.0,131.82,4050000.0,181.19,9900000.0,402.8,16690000.000000002,332.89,57900000.0,169.72,478540.0,314.7,5200000.0,91.88,14360000.0
2024-11-29,207.89,24890000.0,137.18,16090000.0,237.33,28480000.0,686.61,1710000.0,483.02,2970000.0,,,249.72,5490000.0,532.94,1760000.0,574.32,7130000.0,423.46,16270000.0,76.48,4560000.0,138.25,141860000.0,179.26,3820000.0,133.06,3260000.0,184.66,8050000.000000001,398.0,15630000.0,345.16,37170000.0,170.63,247720.0,315.08,3850000.0,92.5,11040000.0
2024-12-02,210.71,39520000.0,142.06,33100000.0,239.59,48140000.0,711.47,2330000.0,477.33,5030000.0,,,246.25,8900000.0,531.36,2360000.0,592.83,12520000.0,430.98,20210000.0,76.6,3790000.0,138.63,171680000.0,179.7,5730000.0,131.02,4139999.9999999995,194.4,16649999.999999998,399.8,13330000.0,357.09,77990000.0,175.81,634890.0,316.65,5600000.0,92.64,17170000.0
2024-12-03,213.44,32210000.0,141.98,22670000.0,242.65,38860000.0,718.06,1650000.0,470.19,4930000.0,,,244.82,6660000.0,526.18,2320000.0,613.65,14910000.0,431.2,18300000.0,76.6,4440000.0,140.26,164410000.0,175.42,8130000.000000001,129.69,4740000.0,198.89,11220000.0,404.4,18360000.0,351.42,58270000.0,176.0,412180.0,313.01,5010000.0,93.51,17780000.0
2024-12-04,218.16,48750000.0,143.99,25940000.0,243.01,44380000.0,719.92,1530000.0,468.32,3940000.0,,,243.4,7350000.0,521.14,2630000.0,613.78,14700000.0,437.42,26010000.0,76.36,3910000.0,145.14,231220000.0,175.11,6820000.0,130.48,4660000.0,200.69,12760000.0,403.2,14050000.0,357.93,50810000.0,174.78,400550.0,309.9,5980000.0,94.45,17310000.0
2024-12-05,220.55,41140000.0,141.36,29580000.0,243.04,40030000.0,711.5,1800000.0,470.57,3320000.0,,,245.48,6570000.0,524.77,2540000.0,608.93,8080000.0,442.62,21700000.0,75.96,4010000.0,145.06,172620000.0,176.03,5020000.0,132.49,4190000.0000000005,204.3,12480000.0,405.2,13310000.0,369.49,81400000.0,174.4,405530.0,309.08,5200000.0,95.3,21930000.0
2024-12-06,227.03,44180000.0,138.59,33580000.0,242.84,36870000.0,708.98,1220000.0,470.5,3270000.0,,,247.36,5520000.0,528.57,2120000.0,623.77,16940000.0,443.57,18820000.0,75.76,4740000.0,142.44,188510000.0,173.82,5740000.0,130.56,4210000.0,203.02,9670000.0,412.6,27710000.0,389.22,81460000.0,175.95,290720.0,311.01,4300000.0,95.7,18800000.0
2024-12-09,226.09,46820000.0,130.87,57060000.0,246.75,44650000.0,706.52,1270000.0,463.87,3750000.0,,,243.81,7080000.0,522.82,2940000.0,613.57,11430000.0,446.02,19140000.0,75.6,4330000.0,138.81,189310000.0,170.79,7160000.0,128.71,4760000.0,199.17,9700000.0,418.8,22460000.0,389.79,96360000.0,177.01,375990.0,308.3,5790000.0,93.83,20930000.0
2024-12-10,225.04,31200000.0,127.74,38910000.0,247.77,36910000.0,705.27,1210000.0,462.49,3650000.0,,,242.86,9110000.0,529.01,2000000.0,619.32,10940000.0,443.33,18470000.0,74.46,6180000.0,135.07,210020000.0,172.28,6220000.0,128.98,3790000.0,191.94,15310000.0,411.2,30280000.0,400.99,97560000.0,175.71,237130.0,312.38,4540000.0,94.55,13160000.0
2024-12-11,230.26,35390000.0,130.15,45590000.0,246.49,45210000.0,714.43,1220000.0,461.39,3880000.0,,,243.53,7880000.0,534.45,2180000.0,632.68,10840000.0,448.99,19200000.0,74.82,5480000.0,139.31,184900000.0,170.63,5240000.0,126.82,10140000.0,194.6,9030000.0,409.8,13100000.0,424.77,104290000.0,178.15,290340.0,313.79,4320000.0,94.96,19680000.0
2024-12-12,228.97,28200000.0,130.6,34270000.0,247.96,32780000.0,713.1,868710.0,458.63,2570000.0,,,241.53,6110000.0,532.41,1860000.0,630.79,7470000.0,449.56,20830000.0,74.9,5620000.0,137.34,159210000.0,170.85,4070000.0000000005,127.0,5140000.0,191.46,7940000.0,415.6,23410000.0,418.1,87750000.0,176.9,214100.0,314.23,3220000.0,94.09,14300000.0
2024-12-13,227.46,28770000.0,126.91,67540000.0,248.13,33159999.999999996,718.58,1460000.0,457.9,3470000.0,,,239.94,10390000.0,529.0,1610000.0,620.35,8450000.0,447.27,20180000.0,75.18,5490000.0,134.25,231520000.0,171.06,3880000.0,126.62,3230000.0,200.99,19480000.0,409.8,16300000.0,436.23,89000000.0,175.86,226010.0,314.74,4680000.0,94.25,11500000.0
2024-12-16,232.93,37550000.0,126.69,42090000.0,251.04,51690000.0,722.38,1540000.0,455.2,4510000.0,,,239.58,9030000.0,530.31,2920000.0,624.24,10890000.0,451.59,23600000.0,74.46,5050000.0,132.0,237950000.0,171.14,5940000.0,125.94,5440000.0,202.22,15140000.0,405.6,14060000.0,463.02,114080000.0,174.25,327360.0,315.89,6560000.0,94.87,16739999.999999998
2024-12-17,231.15,35950000.0,125.02,43310000.0,253.48,51360000.0,735.19,1750000.0,455.66,5060000.0,,,238.36,8080000.0,531.01,4059999.9999999995,619.44,12900000.0,454.46,22730000.0,75.22,5810000.0,130.39,259410000.00000003,170.33,6070000.0,126.04,5280000.0,200.66,11170000.0,402.6,16780000.0,479.86,131220000.0,173.28,420960.0,318.3,8840000.0,95.42,23560000.0
2024-12-18,220.52,43280000.0,121.41,49720000.0,248.05,56770000.0,719.49,2260000.0,446.59,4360000.0,,,230.37,11320000.0,519.96,3190000.0,597.19,17080000.0,437.39,24440000.0,74.1,6500000.0,128.91,277440000.0,169.08,7520000.0,124.55,4720000.0,195.56,14720000.0,406.0,14910000.0,440.13,149340000.0,173.62,457920.0,309.78,10480000.0,93.55,24670000.0
2024-12-19,223.29,39920000.0,118.88,46160000.0,249.79,60880000.0,710.26,1620000.0,449.34,4650000.0,,,232.96,11790000.0,523.28,3050000.0,595.57,14960000.0,437.03,22960000.0,74.2,5030000.0,130.68,209720000.0,169.19,8590000.0,122.17,6990000.0,194.64,10550000.0,415.2,34670000.0,436.17,118570000.0,174.21,405900.0,314.88,8320000.0,93.4,16610000.0
2024-12-20,224.92,88280000.0,119.21,53590000.0,254.49,147500000.0,705.68,2700000.0,453.2,12940000.0,,,237.6,32350000.0,528.03,7320000.0,585.25,48990000.0,436.6,64260000.00000001,73.98,13550000.0,134.7,306530000.0,168.06,22000000.0,124.22,10270000.0,197.21,16170000.000000002,426.4,44830000.0,421.06,132220000.0,178.17,425690.0,317.71,24390000.0,92.24,49350000.0
2024-12-23,225.06,28070000.0,124.6,47780000.0,255.27,40860000.0,721.04,1230000.0,454.35,3840000.0,,,238.39,8610000.0,528.96,2270000.0,599.85,10210000.0,435.25,19150000.0,74.08,2870000.0,139.67,176050000.0,168.11,6980000.0,123.78,3700000.0,207.36,17850000.0,420.2,20860000.0,430.6,72700000.0,180.45,422690.0,317.22,7980000.0,90.35,26210000.0
2024-12-24,229.05,15010000.0,126.29,24830000.0,258.2,23230000.0,719.71,586830.0,458.66,1760000.0,,,242.31,3730000.0,535.71,955020.0,607.75,4730000.0,439.33,7160000.0,,,140.22,105160000.0,168.94,2460000.0,122.91,2810000.0,206.33,7630000.0,420.0,7870000.0,462.28,59550000.0,181.43,168580.0,320.65,2680000.0,92.68,8990000.0
2024-12-26,227.05,16170000.000000002,125.06,25140000.0,259.02,27260000.0,715.86,734800.0,459.08,2160000.0,,,243.14,4450000.0,536.15,1110000.0,603.35,6090000.0,438.11,8199999.999999999,,,139.93,116520000.0,170.16,3630000.0,121.71,2430000.0,203.06,8050000.000000001,,,454.13,76650000.0,197.36,1300000.0,320.91,2860000.0,92.79,11000000.0
2024-12-27,223.75,27370000.0,125.19,32920000.0,255.59,42360000.0,713.59,942320.0,456.51,3240000.0,,,241.17,5730000.0,532.2,1540000.0,599.81,8080000.0,430.53,18120000.0,74.42,4010000.0,137.01,170580000.0,169.53,4370000.0,121.45,3920000.0,201.63,10660000.0,417.4,13550000.0,431.66,82670000.0,199.52,779540.0,318.66,3490000.0,91.66,11380000.0
2024-12-30,221.3,28320000.0,122.44,30500000.0,252.2,35560000.0,696.15,1200000.0,452.16,2830000.0,,,239.32,5720000.0,525.55,2100000.0,591.24,7030000.0,424.83,13160000.0,74.88,3190000.0,137.49,167740000.0,167.09,4350000.0,120.01,3340000.0,200.39,11240000.0,419.0,13520000.0,417.41,64940000.0,195.66,463610.0,315.31,3480000.0,90.57,9790000.0
2024-12-31,219.39,24820000.0,120.79,30200000.0,250.42,39480000.0,693.08,964970.0,453.28,3380000.0,,,239.71,4870000.0,526.57,1940000.0,585.51,6020000.0,421.5,13250000.0,,,134.29,155660000.0,167.65,3960000.0,120.35,4400000.0,197.49,6430000.0,417.0,10870000.0,403.84,76830000.0,194.61,442620.0,316.04,3960000.0,90.35,11270000.0
2025-01-02,220.22,33960000.0,120.63,34260000.0,243.85,55740000.0,700.42,1120000.0,451.1,3750000.0,,,240.0,9220000.0,522.4,2820000.0,599.24,12680000.0,418.58,16900000.0,,,138.31,198250000.0,165.98,5400000.0,121.1,3390000.0,201.58,10950000.0,416.0,20730000.0,379.28,109710000.0,193.12,615740.0,314.4,5370000.0,90.0,14820000.0
2025-01-03,224.19,27520000.0,125.37,36790000.0,243.36,40240000.0,714.36,1060000.0,453.56,2890000.0,,,243.28,9490000.0,521.36,1630000.0,604.63,11440000.0,423.35,16660000.0,74.7,4430000.0,144.47,229320000.0,165.13,5260000.0,122.02,3350000.0,208.61,10260000.0,414.2,16840000.0,410.44,95420000.0,195.25,611380.0,314.91,4270000.0,90.78,10830000.0
2025-01-06,227.61,31850000.0,129.55,48020000.0,245.0,45050000.0,768.51,2760000.0,451.41,4070000.0000000005,,,240.85,9920000.0,511.93,2920000.0,630.2,14560000.0,427.85,20570000.0,74.02,5270000.0,149.43,265380000.0,160.6,8730000.0,121.0,4990000.0,220.01,24340000.0,409.4,16870000.0,411.05,85520000.0,190.39,664420.0,313.04,6570000.0,91.43,14520000.0
2025-01-07,222.11,28080000.0,127.33,39220000.0,242.21,40860000.0,757.58,1490000.0,452.92,3510000.0,,,243.17,8750000.0,511.4,2210000.0,617.89,12070000.0,422.37,18140000.0,74.94,4300000.0,140.14,351780000.0,161.3,8450000.0,121.4,4930000.0,211.42,17010000.0,379.6,142920000.0,394.36,75700000.0,193.12,585540.0,311.67,4960000.0,90.81,11240000.0
2025-01-08,222.13,25030000.0,121.84,46720000.0,242.7,37630000.0,743.98,1190000.0,451.84,3930000.0,,,243.13,8680000.0,516.4,2460000.0,610.72,10090000.0,424.56,15050000.0,75.36,4900000.0,140.11,227350000.0,162.1,4970000.0,121.86,3570000.0,207.12,13260000.0,369.2,95460000.0,394.94,73040000.0,192.55,436720.0,312.6,5160000.0,91.8,13450000.0
2025-01-10,218.94,36810000.0,116.04,59420000.0,236.85,61710000.0,739.01,1520000.0,442.66,5470000.0,,,239.87,10260000.0,504.67,2820000.0,615.86,19260000.0,418.95,20200000.0,74.04,3520000.0,135.91,207600000.0,158.56,8500000.0,117.15,5370000.0,208.37,17270000.0,369.6,37050000.0,394.74,62290000.0,183.47,473090.0,307.71,6660000.0,93.0,18140000.0
2025-01-13,218.46,27260000.0,117.32,39130000.0,234.4,49630000.0,727.41,1320000.0,443.91,3640000.0,,,244.21,10010000.0,504.91,2890000.0,608.33,10790000.0,417.19,17600000.0,74.24,3130000.0,133.23,204810000.0,158.84,6770000.0,117.55,5680000.0,201.36,16610000.0,366.0,34790000.0,403.31,67580000.0,183.25,310720.0,306.92,9570000.0,91.53,18620000.0
2025-01-14,217.76,24710000.0,116.09,37010000.0,233.28,39440000.0,736.29,1020000.0,450.03,4059999.9999999995,,,247.47,12410000.0,509.02,2700000.0,594.25,13600000.0,415.67,16940000.0,74.16,4820000.0,131.76,195590000.0,159.74,5980000.0,118.47,3940000.0,201.45,14180000.0,375.0,40620000.0,396.36,84570000.0,185.41,326350.0,309.09,5110000.0,90.79,13550000.0
2025-01-15,223.35,31290000.0,119.96,38190000.0,237.87,39830000.0,726.3,1860000.0,458.51,4720000.0,,,252.35,18450000.0,522.35,3030000.0,617.12,15520000.0,426.31,19640000.0,73.66,3710000.0,136.24,185220000.0,159.65,8060000.000000001,118.51,5370000.0,206.8,18290000.0,380.0,29160000.0,428.22,81380000.0,184.84,416640.0,316.28,5220000.0,91.34,17350000.0
2025-01-16,220.66,24760000.0,118.44,29410000.0,228.26,71760000.0,750.28,2410000.0,462.81,3480000.0,,,254.27,15290000.0,523.14,3280000.0,611.3,8359999.999999999,424.58,15300000.0,73.9,4540000.0,133.57,209240000.0,160.5,5770000.0,119.8,7860000.0,214.79,38540000.0,382.4,26140000.0,413.82,68340000.0,181.48,422400.0,317.25,4610000.0,91.3,13270000.0
2025-01-17,225.94,42370000.0,121.46,35770000.0,229.98,68490000.0,756.33,1930000.0,467.95,6470000.0,,,259.16,17680000.0,524.7,2370000.0,612.77,17280000.0,429.03,26200000.0,74.2,5080000.0,137.71,201190000.0,161.13,7260000.0,121.59,5170000.0,211.5,21610000.0,379.8,17140000.0,426.5,94990000.0,180.78,432100.0,319.62,5810000.0,91.94,15870000.0
2025-01-21,230.71,39950000.0,122.28,31580000.0,222.64,98070000.0,763.0,1330000.0,468.57,4910000.0,,,263.03,13710000.0,528.06,2710000.0,616.46,11670000.0,428.5,26090000.0,74.74,3110000.0,140.83,197750000.0,161.72,13910000.0,123.81,5960000.0,218.7,19060000.0,387.4,25250000.0,424.07,87320000.0,186.93,330440.0,323.63,5650000.0,93.08,23250000.0
2025-01-22,235.01,41450000.0,123.75,35020000.0,223.83,64129999.99999999,766.71,1700000.0,460.51,5840000.0,,,262.84,9020000.0,527.18,2040000.0,623.5,12270000.0,446.2,27800000.0,74.18,4010000.0,147.07,237650000.0,164.74,14360000.0,122.89,4430000.0,223.2,17290000.0,383.4,17860000.0,415.11,60960000.0,186.52,247830.0,323.56,5030000.0,93.23,15570000.0
2025-01-23,235.42,26400000.0,123.04,24920000.0,223.66,60230000.0,746.24,1750000.0,459.83,4420000.0,,,265.95,10750000.0,534.22,2200000.0,636.45,9910000.0,446.71,18390000.0,74.7,4200000.0,147.22,155920000.0,166.15,7610000.0,125.43,5380000.0,224.62,8990000.0,381.2,21260000.0,412.38,50690000.0,186.27,237650.0,328.21,5300000.0,93.81,14200000.0
2025-01-24,234.85,25890000.0,122.84,31570000.0,222.78,54700000.0,732.25,1510000.0,463.19,3070000.0,,,264.84,7670000.0,533.49,2470000.0,647.49,19070000.0,444.06,15550000.0,74.68,4960000.0,142.62,234660000.0,164.12,6200000.0,127.28,3690000.0,221.88,13180000.0,390.6,24080000.0,406.58,56430000.0,186.61,278910.0,330.2,4330000.0,94.76,14970000.0
2025-01-27,235.42,49430000.0,115.01,61070000.0,229.86,94860000.0,690.15,4950000.0,474.7,4540000.0,,,265.85,7520000.0,547.64,3070000.0,659.88,28400000.0,434.56,35650000.0,77.56,8680000.0,118.42,818830000.0,169.66,9170000.0,130.43,7650000.0,192.31,68670000.0,395.6,23610000.0,397.15,58130000.0,186.5,308120.0,334.54,6640000.0,97.4,18880000.0
2025-01-28,238.15,41590000.0,114.17,40550000.0,238.26,75710000.0,683.35,2810000.0,469.97,3260000.0,,,267.14,7380000.0,547.36,2730000.0,674.33,20950000.0,447.2,23490000.0,78.18,7400000.0,128.99,579670000.0,166.19,6720000.0,128.96,5100000.0,202.4,31740000.0,401.2,14200000.0,398.09,48910000.0,185.29,382640.0,334.48,6000000.0,97.29,14640000.0
2025-01-29,237.07,26090000.0,117.35,40200000.0,239.36,45490000.0,712.65,4970000.0,469.26,2520000.0,,,266.58,7680000.0,548.8,2550000.0,676.49,21380000.0,442.33,23580000.0,78.28,4110000.0000000005,123.7,467120000.0,166.23,4850000.0,129.59,3870000.0,202.33,15200000.0,,,389.1,68030000.0,186.98,258230.00000000003,335.88,5090000.0,97.5,11260000.0
2025-01-30,234.64,32020000.000000004,118.86,29790000.0,237.59,55660000.0,736.99,2750000.0,472.35,2550000.0,,,268.23,8750000.0,566.01,6010000.0,687.0,29320000.0,414.99,54590000.0,78.68,3930000.0,124.65,392930000.0,167.41,4139999.9999999995,130.32,3240000.0,208.15,13540000.0,,,400.28,98090000.0,190.97,410140.0,343.05,8080000.0,98.65,11010000.0
2025-01-31,237.68,36160000.0,115.95,40530000.0,236.0,101080000.0,739.31,2130000.0,468.67,5440000.0,,,267.3,7200000.0,555.43,4510000.0,689.18,19330000.0,415.06,34220000.0,77.48,6270000.0,120.07,390370000.0,165.99,5460000.0,130.2,5330000.0,209.32,15780000.0,,,404.6,83570000.0,188.93,420260.0,341.8,8630000.0,98.16,16410000.0
2025-02-03,237.42,37290000.0,114.27,34590000.0,228.01,73060000.0,731.05,1650000.0,464.61,4230000.0,,,266.81,8380000.000000001,563.95,3200000.0,697.46,21420000.0,410.92,25680000.0,77.86,4420000.0,116.66,371240000.0,168.76,8670000.0,130.39,5630000.0,199.8,17720000.0,404.2,27920000.0,383.68,93730000.0,183.65,477920.0,345.82,8000000.0,99.54,20480000.0
2025-02-04,242.06,29710000.0,119.5,69410000.0,232.8,45070000.0,731.41,1500000.0,467.49,3240000.0,,,267.94,5630000.0,559.11,2640000.0,704.19,13830000.0,412.37,20530000.0,77.46,3450000.0,118.65,256550000.0,168.13,6410000.0,130.39,5240000.0,204.05,12690000.0,420.8,31280000.0,392.21,57070000.0,187.56,408390.0,345.15,5530000.0,100.77,15200000.0
2025-02-05,236.17,38830000.0,112.01,110610000.0,232.47,39660000.0,742.59,1250000.0,473.73,3780000.0,,,270.43,5700000.0,566.29,2400000.0,704.87,17790000.0,413.29,16340000.0,77.26,3560000.0,124.83,263110000.0,169.01,7540000.0,130.98,8400000.0,208.57,11000000.0,417.8,32130000.000000004,378.17,57610000.0,195.35,585960.0,349.44,4940000.0,102.46,15930000.0
2025-02-06,238.83,60900000.0,110.16,50430000.0,233.22,29930000.0,739.13,1120000.0,477.22,3830000.0,,,276.9,7260000.0,567.16,1740000.0,711.99,13080000.0,415.82,16309999.999999998,77.5,3140000.0,128.68,251480000.0,168.88,4960000.0,145.32,13750000.0,210.5,8490000.0,420.4,19590000.0,374.32,77920000.0,190.5,364090.0,347.48,4290000.0,102.85,13090000.0
2025-02-07,229.15,77540000.0,107.56,46080000.0,227.63,39710000.0,727.7,1310000.0,472.74,3210000.0,,,275.8,6860000.0,562.75,2009999.9999999998,714.52,16430000.0,409.75,22890000.0,77.5,3990000.0,129.84,228190000.0,167.97,4540000.0,144.41,7210000.0,206.12,11620000.0,428.2,34570000.0,361.62,70300000.0,183.98,478650.0,348.02,4260000.0,101.15,12450000.0
2025-02-10,233.14,35420000.0,110.48,34910000.0,227.65,33119999.999999996,744.08,986100.0,470.17,2910000.0,,,271.04,8630000.0,565.49,2360000.0,717.4,12900000.0,412.22,20820000.0,77.36,3070000.0,133.57,216990000.0,167.53,7060000.0,146.57,5900000.0,207.95,9300000.0,437.0,31410000.0,350.73,77510000.0,185.06,172560.0,351.23,6070000.0,102.92,15270000.0
2025-02-11,232.76,23710000.0,111.1,35030000.0,232.62,53720000.0,752.98,1100000.0,472.61,2320000.0,,,274.99,7200000.0,564.7,1850000.0,719.8,13000000.0,411.44,18140000.0,78.2,3900000.0,132.8,178900000.0,169.43,5440000.0,147.98,4990000.0,208.74,9220000.0,427.4,30890000.0,328.5,118540000.0,185.74,237290.0,350.72,5150000.0,102.47,11950000.0
2025-02-12,228.93,32290000.0,111.72,25320000.0,236.87,45240000.0,756.17,1080000.0,471.73,3300000.0,,,275.45,6680000.0,564.6,1720000.0,725.38,12020000.0,409.04,19120000.0,78.78,4450000.0,131.14,160280000.0,169.58,6040000.0,149.89,5270000.0,206.38,7370000.0,444.2,38260000.0,336.51,105380000.0,182.69,269080.0,351.49,6760000.0,103.61,15160000.0
2025-02-13,230.37,31350000.0,111.81,40910000.0,241.53,53610000.0,776.99,1670000.0,480.49,3270000.0,,,276.32,8400000.0,566.31,1710000.0,728.56,12570000.0,410.54,23890000.0,83.68,9470000.0,135.29,197430000.0,171.02,6330000.0,149.18,5760000.0,201.83,15580000.0,442.0,60990000.0,355.94,89440000.0,184.01,237840.0,355.63,4280000.0,105.05,12600000.0
2025-02-14,228.68,27030000.0,113.1,32479999.999999996,244.6,40900000.0,751.55,2049999.9999999998,479.59,2830000.0,,,276.59,5690000.0,564.76,1930000.0,736.67,16900000.0,408.43,22760000.0,82.48,6030000.0,138.85,195480000.0,162.89,13180000.0,150.46,4780000.0,203.9,23220000.0,474.8,74520000.0,355.84,68280000.0,184.24,231510.0,353.81,5720000.0,104.04,14110000.0
2025-02-18,226.65,42980000.0,114.28,31720000.0,244.47,48820000.0,744.22,1720000.0,482.82,3350000.0,,,279.95,7920000.0,568.61,2060000.0,716.37,21940000.0,409.64,21420000.0,82.38,3650000.0,139.4,219180000.0,165.43,7080000.0,148.8,7990000.0,202.74,14990000.0,503.5,62530000.0,354.11,51630000.0,184.07,206940.0,356.73,5820000.0,103.78,18250000.0
2025-02-19,226.63,28570000.0,114.69,28810000.0,244.87,32200000.000000004,744.8,1460000.0,483.77,2440000.0,,,279.25,7010000.0,568.5,2460000.0,703.77,17540000.0,414.77,24110000.0,82.5,3980000.0,139.23,167540000.0,166.49,7910000.0,149.8,7050000.0,200.95,13160000.0,497.8,34130000.0,360.56,67090000.0,180.1,347920.0,355.23,4150000.0000000005,104.0,18510000.0
2025-02-20,222.88,30000000.0,114.17,27220000.0,245.83,32320000.0,743.09,1190000.0,481.8,2650000.0,,,266.8,13850000.0,563.28,2180000.0,694.84,12590000.0,416.13,23510000.0,82.34,3790000.0,140.11,143900000.0,167.21,6160000.0,151.57,7430000.0,200.1,10640000.0,486.8,34550000.0,354.4,45970000.0,180.68,176160.0,350.49,5700000.0,97.21,55450000.0
2025-02-21,216.58,55320000.0,110.84,41350000.0,245.55,53200000.0,737.21,1470000.0,478.74,4090000.0,,,264.24,12840000.0,557.51,2260000.0,683.55,15660000.0,408.21,27520000.0,85.1,9200000.0,134.43,228220000.0,170.23,9810000.0,154.4,7120000.0,198.24,13760000.0,517.0,73550000.0,337.8,74060000.0,177.11,639150.0,348.53,6920000.0,94.78,35010000.0
2025-02-24,212.71,42390000.0,108.11,29070000.0,247.1,51330000.0,735.96,1470000.0,498.42,9860000.0,,,261.34,10370000.0,559.0,1750000.0,668.13,15680000.0,404.0,26440000.0,87.78,7680000.0,130.28,251380000.0,170.54,8560000.0,156.28,8690000.0,191.65,15110000.0,497.2,67540000.0,330.53,76050000.0,176.62,237800.0,349.86,5060000.0,93.67,29760000.0
2025-02-25,212.8,58960000.0,103.96,39170000.0,247.04,48010000.0,730.19,1690000.0,499.82,6760000.0,,,257.4,9610000.0,564.03,3610000.0,657.5,20580000.0,397.9,29390000.0,89.02,6740000.0,126.63,271430000.0,172.65,7310000.0,157.42,9350000.0,189.37,20580000.0,484.8,56510000.0,302.8,134230000.0,179.46,263340.0,352.09,6190000.0,97.69,29330000.0
2025-02-26,214.35,39120000.0,104.74,29180000.0,240.36,44430000.0,746.93,1400000.0,494.1,3540000.0,,,258.79,5940000.0,561.27,2029999.9999999998,673.7,14490000.0,399.73,19620000.0,87.6,5360000.0,131.28,322550000.0,171.3,5520000.0,154.74,6870000.0,194.62,14110000.0,501.5,40490000.0,290.8,100120000.0,181.21,250380.0,350.63,5960000.0,96.2,19070000.0
2025-02-27,208.74,40550000.0,99.51,47260000.0,237.3,41150000.0,697.7,2340000.0,502.41,4510000.0,,,259.05,8199999.999999999,564.82,2440000.0,658.24,12500000.0,392.53,21130000.0,87.04,4050000.0,120.15,443180000.0,171.97,5470000.0,154.02,6070000.0,181.09,24220000.0,495.4,38900000.0,281.95,101750000.0,182.28,277330.0,355.74,7300000.0,96.79,16430000.0
2025-02-28,212.28,51770000.0,99.86,45190000.0,241.84,56830000.0,709.08,1770000.0,513.83,6850000.0,,,264.65,10470000.0,576.31,3210000.0,668.2,17530000.0,396.99,32850000.0,87.12,6750000.0,124.92,389090000.0,173.84,10240000.0,155.28,9660000.0,180.53,27930000.0,478.6,52160000.0,292.98,115700000.0,181.48,363620.0,362.71,15860000.0,98.61,25450000.0
2025-03-03,205.02,42950000.0,98.23,38960000.0,238.03,47180000.0,699.86,2280000.0,510.08,5110000.0,,,260.62,9060000.0,574.92,3090000.0,655.05,10840000.0,388.49,23010000.0,88.6,4290000.0,114.06,411380000.0,175.59,7620000.0,158.79,5460000.0,172.97,37400000.0,483.2,32750000.0,284.65,115550000.0,183.79,523700.00000000006,361.82,9100000.0,97.59,18370000.0
2025-03-04,203.8,60850000.0,100.75,54160000.0,235.93,53800000.0,708.22,2040000.0,495.86,6130000.0,,,250.25,13470000.0,555.07,3320000.0,640.0,21500000.0,388.61,29340000.0,89.76,5300000.0,115.99,398160000.0,173.18,12120000.0,153.95,6240000.0,180.0,29400000.0,491.0,31120000.0,272.04,126710000.0,180.66,436150.0,352.23,8960000.0,94.97,25230000.0
2025-03-05,208.36,38610000.0,101.67,27860000.0,235.74,47230000.0,739.75,1750000.0,498.5,4720000.0,,,251.53,7860000.0,558.3,2800000.0,656.47,13770000.0,401.02,23430000.0,88.12,6760000.0,117.3,284340000.0,174.61,6990000.0,153.14,4240000.0,184.28,17330000.0,505.5,35170000.0,279.1,94040000.0,192.35,634460.0,352.68,8240000.0,95.98,17640000.0
2025-03-06,200.7,49860000.0,98.85,28980000.0,235.33,45170000.0,714.84,1430000.0,497.84,3990000.0,,,246.54,9980000.0,549.82,3130000.0,627.93,13450000.0,396.89,23300000.0,87.86,4440000.0,110.57,321180000.0,174.66,6700000.0,153.55,5350000.0,175.85,17860000.0,544.0,79680000.0,263.45,98450000.0,187.51,467600.0,344.16,8610000.0,94.64,19960000.0
2025-03-07,199.25,59800000.0,100.31,33250000.0,239.07,46270000.0,732.22,1430000.0,495.62,3840000.0,,,242.28,20500000.0,546.77,3160000.0,625.66,21380000.0,393.31,22030000.0,89.72,5030000.0,112.69,341760000.0,175.95,9570000.0,150.95,7930000.0,177.1,21010000.0,533.5,46490000.0,262.67,102370000.0,190.18,280460.0,345.32,6360000.0,91.72,35910000.0
2025-03-10,194.54,62350000.0,96.63,38730000.0,227.48,72070000.0,683.11,2320000.0,497.1,6260000.0,,,232.22,18890000.0,537.12,3890000.0,597.99,22000000.0,380.16,32840000.000000004,90.5,4520000.0,106.98,366490000.0,176.26,11050000.0,150.59,11850000.0,170.65,18270000.0,516.5,34420000.0,222.15,189080000.0,188.35,347940.0,341.48,8199999.999999999,87.82,35150000.0
2025-03-11,196.59,54000000.0,96.76,34080000.0,220.84,76140000.0,690.21,1620000.0,496.25,5360000.0,,,229.14,18140000.0,525.8,4580000.0,605.71,17400000.0,380.45,30380000.0,88.6,4460000.0,108.76,354870000.0,173.12,11030000.0,152.1,5790000.0,170.97,16559999.999999998,517.5,33850000.0,230.58,174900000.0,184.53,295000.0,332.14,9780000.0,87.44,28690000.0
2025-03-12,198.89,43680000.0,100.79,34240000.0,216.98,62550000.0,703.37,1310000.0,495.94,3870000.0,,,227.9,16050000.0,524.64,2810000.0,619.56,15750000.0,383.27,24250000.0,89.04,4410000.0,115.74,323860000.0,168.37,10160000.0,151.32,5180000.0,177.17,14740000.0,512.0,28030000.0,248.09,142220000.0,185.65,255700.0,332.84,6300000.0,85.2,33299999.999999996
2025-03-13,193.89,41270000.0,98.11,28580000.0,209.68,61370000.0,694.59,1400000.0,504.25,5100000.0,,,225.19,16469999.999999998,519.83,2380000.0,590.64,16480000.0,378.77,20470000.0,89.24,3130000.0,115.58,299030000.0,168.59,6610000.0,150.49,6260000.0,171.59,14380000.0,507.5,27330000.0,240.68,114810000.0,182.97,363920.0,328.55,7920000.0,84.5,31510000.0
2025-03-14,197.95,38100000.0,100.97,24720000.0,213.49,60110000.0,714.0,1370000.0,514.6,5780000.0,,,232.44,11960000.0,527.64,2370000.0,607.6,12360000.0,388.56,19950000.0,89.18,4070000.0000000005,121.67,277590000.0,167.97,6790000.0,151.88,5540000.0,174.09,11450000.0,521.5,30710000.0,249.98,100240000.0,186.67,274620.0,331.8,7810000.0,85.35,35500000.0
2025-03-17,195.74,47340000.0,104.59,43690000.0,214.0,48070000.0,730.33,1420000.0,523.01,5340000.0,,,233.93,9590000.0,531.99,2540000.0,604.9,15470000.0,388.7,22470000.0,90.24,3630000.0,119.53,255500000.0,169.76,9930000.0,155.71,6680000.0,176.24,9680000.0,524.5,22100000.0,238.01,111900000.0,188.41,306990.0,334.55,6150000.0,87.46,26300000.0
2025-03-18,192.82,40410000.0,103.51,27150000.0,212.69,42430000.0,731.11,1010000.0,523.14,4860000.0,,,234.97,10340000.0,530.19,2360000.0,582.36,20300000.0,383.52,19490000.0,90.5,3720000.0,115.43,299690000.0,167.71,6100000.0,153.84,8020000.0,173.13,9990000.0,541.0,33640000.0,225.31,111480000.0,190.2,274850.0,334.77,7780000.0,85.59,17850000.0
2025-03-19,195.54,39440000.0,106.23,32290000.0,215.24,54390000.0,734.91,1080000.0,525.27,3800000.0,,,239.11,10120000.0,536.09,2800000.0,584.06,20540000.0,387.82,19190000.0,89.76,5370000.0,117.52,273430000.0,168.57,7570000.0,154.29,4200000.0,173.76,10680000.0,540.0,31600000.0,235.86,111990000.0,193.14,280830.0,339.87,5620000.0,86.33,24560000.0
2025-03-20,194.95,38920000.0,107.14,26870000.0,214.1,48860000.0,734.06,1280000.0,528.73,4070000.0000000005,,,239.01,8330000.0,536.38,2600000.0,586.0,24340000.0,386.84,18470000.0,91.22,4530000.0,118.53,248830000.0,167.55,8790000.0,152.47,5020000.0,177.47,12210000.0,519.5,49850000.0,236.26,99030000.0,192.17,258850.00000000003,339.5,5430000.0,85.81,18190000.0
2025-03-21,196.21,60060000.0,106.44,30770000.0,218.27,94130000.0,716.22,1970000.0,521.91,8550000.0,,,241.63,19330000.0,535.69,5970000.0,596.25,25020000.0,391.26,39680000.0,91.68,11590000.0,117.7,266500000.0,166.69,16030000.000000002,151.48,11190000.0,176.73,9990000.0,511.5,42260000.0,248.71,132729999.99999999,190.7,229170.0,335.66,17280000.0,85.98,26800000.0
2025-03-24,203.26,41630000.0,113.85,53340000.0,220.73,44300000.0,727.84,1100000.0,525.85,4860000.0,,,248.06,9420000.0,543.67,2760000.0,618.85,15740000.0,393.08,21000000.0,89.6,3530000.0,121.41,228450000.0,165.65,6100000.0,151.55,6070000.0,181.16,11440000.0,513.0,24600000.0,278.39,169080000.0,192.47,186590.0,343.87,5680000.0,87.49,17900000.0
2025-03-25,205.71,31170000.0,114.81,29080000.0,223.75,34490000.0,726.74,1240000.0,528.87,3960000.0,,,251.13,9290000.0,545.16,2140000.0,626.31,15310000.0,395.16,15770000.0,88.84,4520000.0,120.69,167450000.0,162.85,8369999.999999999,152.21,3800000.0,180.9,8720000.0,502.0,27740000.0,288.14,150360000.0,193.01,167520.0,344.62,3930000.0,84.76,27910000.0
2025-03-26,201.13,32990000.000000004,110.19,39980000.0,221.53,34530000.0,705.76,1270000.0,533.21,5010000.0,,,251.03,12790000.0,549.07,2680000.0,610.98,12660000.0,389.97,16129999.999999998,88.94,3540000.0,113.76,296430000.0,166.58,7760000.0,154.33,4320000.0,173.5,14640000.0,506.5,17310000.0,272.06,156250000.0,189.28,228510.0,344.18,6190000.0,85.21,27240000.0
2025-03-27,201.36,27320000.0,106.65,32770000.000000004,223.85,37090000.0,690.63,1290000.0,534.52,5150000.0,,,248.12,8020000.0,557.57,2900000.0,602.58,10440000.0,390.58,13770000.0,89.54,3260000.0,111.43,236900000.0,168.71,6210000.0,155.01,4400000.0,168.24,17560000.0,509.0,17600000.0,273.13,162570000.0,183.98,484990.0,349.86,7250000.0,85.63,16780000.0
2025-03-28,192.72,52550000.0,103.22,31070000.0,217.9,39820000.0,674.58,1390000.0,526.31,5320000.0,,,242.85,11980000.0,540.61,2660000.0,576.74,17600000.0,378.8,21630000.0,90.24,3390000.0,109.67,229870000.0,168.03,5480000.0,155.16,4330000.0,165.25,16329999.999999998,509.5,18590000.0,263.55,123810000.0,179.07,459560.0,342.85,5690000.0,85.15,14790000.0
2025-03-31,190.26,63550000.0,102.74,30870000.0,222.13,65300000.0,662.63,1680000.0,532.58,7140000.0,,,245.3,13600000.0,548.12,4740000.0,576.36,21120000.0,375.39,35180000.0,89.34,5170000.0,108.38,299210000.0,170.42,11520000.0,158.73,8400000.0,166.0,19410000.0,497.0,28040000.0,259.16,134009999.99999999,176.53,335930.0,350.46,9950000.0,87.79,30270000.0
2025-04-01,192.17,41270000.0,102.78,23520000.0,223.19,36410000.0,667.34,1210000.0,532.99,4130000.0,,,243.66,8050000.000000001,548.51,2710000.0,586.0,12840000.0,382.19,19690000.0,90.16,3400000.0,110.15,222610000.0,170.56,7020000.0,158.09,4430000.0,168.64,9180000.0,504.0,19520000.0,268.46,146490000.0,174.42,474740.0,346.35,7470000.0,88.83,22080000.0
2025-04-02,196.01,53680000.0,102.96,20790000.0,223.89,35910000.0,669.01,1120000.0,537.72,4080000.0,,,245.82,7760000.0,547.38,2990000.0,583.93,13470000.0,382.14,16090000.0,89.8,3780000.0,110.42,220600000.0,169.5,6270000.0,156.17,3890000.0,170.39,10070000.0,504.0,14250000.0,282.76,212790000.0,177.31,307920.0,346.33,5680000.0,89.76,19380000.0
2025-04-03,178.41,95550000.0,93.8,50470000.0,203.19,103420000.0,623.22,2880000.0,530.16,6410000.0,,,228.69,17190000.0,530.55,3440000.0,531.62,34780000.0,373.11,30200000.0,90.66,5540000.0,101.8,338770000.0,172.39,9390000.0,162.07,10580000.0,157.38,28370000.0,497.8,29220000.0,267.28,136170000.0,168.07,614150.0,339.39,8790000.0,87.26,33009999.999999996
2025-04-04,171.0,123160000.0,85.76,65849999.99999999,188.38,125910000.0,605.55,4019999.9999999995,493.54,12610000.0,,,210.28,27170000.0,489.77,6130000.0,504.73,38590000.0,359.84,49210000.0,87.36,8000000.0,94.31,532270000.0,163.75,13450000.0,150.62,11950000.0,146.8,36090000.0,,,239.43,181230000.0,158.63,919790.0,313.13,13200000.0,83.19,36210000.0
2025-04-07,175.26,109330000.0,83.64,70520000.0,181.46,160470000.0,615.84,4179999.9999999995,490.38,12750000.0,68.37,34260000.0,214.44,22910000.0,485.52,6010000.0,516.25,36610000.0,357.86,50430000.0,83.62,14270000.0,97.64,611040000.0,160.23,15710000.0,151.23,9980000.0,146.17,46390000.0,435.4,123360000.0,233.29,183450000.0,160.34,1020000.0,312.32,12160000.0,83.83,36880000.0
2025-04-08,170.66,87710000.0,78.21,69910000.0,172.42,120860000.0,595.37,2590000.0,492.64,9470000.0,68.42,22770000.0,216.87,19490000.0,479.92,3560000.0,510.45,28030000.0,354.56,35870000.0,85.27,7940000.0,96.3,476240000.0,158.39,11540000.0,149.23,9020000.0,141.37,30480000.0,440.4,65120000.00000001,221.86,171600000.0,159.32,624540.0,308.27,9570000.0,81.79,34350000.0
2025-04-09,191.1,116800000.0,96.84,97830000.0,198.85,184400000.0,687.26,3870000.0,521.41,10150000.0,69.95,27920000.0,234.34,24020000.0,515.43,4700000.0,585.77,39220000.0,390.49,50200000.0,83.25,10200000.0,114.33,612920000.0,162.32,10670000.0,151.8,10280000.0,158.75,45610000.0,441.2,66480000.00000001,272.2,219430000.0,174.14,1150000.0,332.43,11360000.0,89.6,46630000.0
2025-04-10,181.22,68300000.0,88.7,65209999.99999999,190.42,121880000.0,649.55,2990000.0,515.81,7480000.0,70.76,22450000.0,227.11,18900000.0,499.34,4110000.0000000005,546.29,28170000.0,381.35,38020000.0,84.3,5940000.0,107.57,437810000.0,163.56,10580000.0,151.17,7820000.0,151.13,24500000.0,444.8,57800000.0,252.4,181720000.0,167.22,736140.0,324.61,8710000.0,90.61,34740000.0
2025-04-11,184.87,50590000.0,93.4,57890000.0,198.15,87440000.0,668.81,2160000.0,524.11,6230000.0,71.43,19990000.0,236.2,20280000.0,509.75,3740000.0,543.57,17640000.0,388.45,23840000.0,84.98,5000000.0,110.93,313420000.0,166.91,8600000.0,153.89,6460000.0,157.08,19630000.0,443.4,46590000.0,252.31,128949999.99999999,169.42,486940.0,333.4,6800000.0,92.8,25510000.0
2025-04-14,182.12,48000000.0,94.5,36000000.0,202.52,101350000.0,672.87,1570000.0,529.52,5510000.0,72.45,13930000.0,234.72,13020000.0,512.46,3010000.0,531.48,14130000.0,387.81,19250000.0,86.05,4030000.0000000005,110.71,264709999.99999997,169.13,9880000.0,157.59,5900000.0,155.84,17510000.0,454.0,30350000.0,252.35,100140000.0,172.0,423650.0,335.18,5010000.0,94.73,27740000.0
2025-04-15,179.59,43640000.0,95.29,28120000.0,202.14,51340000.0,683.16,2110000.0,528.17,4330000.0,71.86,14970000.0,233.13,10910000.0,517.38,2210000.0,521.52,15560000.0,385.73,17200000.0,86.38,3960000.0,112.2,228970000.0,168.47,8760000.0,160.09,6010000.0,157.33,14310000.0,456.0,20250000.0,254.11,79590000.0,174.24,427800.0,335.81,4390000.0,93.97,21870000.0
2025-04-16,174.33,51880000.0,88.29,62110000.0,194.27,59730000.0,634.93,4030000.0000000005,516.45,5890000.0,71.68,15280000.0,229.61,9320000.0,513.43,2500000.0,502.31,18740000.0,371.61,21970000.0,86.8,5210000.0,104.49,397020000.0,166.39,5900000.0,160.48,8300000.000000001,151.67,23810000.0,448.0,27320000.0,241.55,112380000.0,175.1,384880.0,331.33,5850000.0,91.19,22230000.0
2025-04-17,172.61,44730000.0,87.5,34800000.0,196.98,52160000.0,640.16,1440000.0,518.21,5320000.0,73.0,20750000.0,231.96,9560000.0,517.33,3330000.0,501.48,14590000.0,367.78,21120000.0,87.98,5980000.0,101.49,292520000.0,170.63,7230000.0,163.21,7550000.0,151.74,27240000.0,458.0,24480000.0,241.37,83400000.0,176.38,330260.0,329.61,5660000.0,93.22,21390000.0
2025-04-21,167.32,48130000.0,85.56,33860000.0,193.16,46740000.0,624.69,1560000.0,506.92,4910000.0,72.77,16040000.0,228.99,8720000.0,509.32,3350000.0,484.66,16170000.000000002,359.12,20810000.0,,,96.91,288500000.0,165.75,8060000.000000001,162.18,7260000.0,147.86,15170000.0,,,227.5,97770000.0,174.52,331590.0,320.1,6360000.0,92.41,18360000.0
2025-04-22,173.18,56610000.0,86.26,35240000.0,199.74,52980000.0,638.69,1970000.0,520.79,4770000.0,73.9,15610000.0,235.59,10700000.0,527.33,2380000.0,500.28,17400000.0,366.82,19480000.0,86.66,4940000.0,98.89,241000000.0,167.88,7910000.0,164.11,9510000.0,151.4,12670000.0,460.4,24040000.0,237.97,120860000.0,178.7,359380.0,331.4,5440000.0,94.85,15410000.0
2025-04-23,180.6,63470000.0,90.39,41100000.0,204.6,52930000.0,657.98,1850000.0,526.81,4290000.0,73.3,16350000.000000002,240.88,14130000.0,530.01,3050000.0,520.27,18170000.0,374.39,20550000.0,87.4,5290000.0,102.71,247530000.0,165.73,9310000.0,168.11,9080000.0,157.81,17670000.0,474.2,27000000.0,250.74,150380000.0,181.43,336160.0,334.37,8910000.0,94.96,18050000.0
2025-04-24,186.54,43760000.0,94.47,33680000.0,208.37,47310000.0,675.0,1770000.0,531.64,3170000.0,72.52,16890000.0,244.64,9060000.0,535.46,2210000.0,533.15,13910000.0,387.3,22230000.0,87.44,4410000.0,106.43,220820000.0,159.53,20080000.0,170.07,8560000.0,164.18,18760000.0,471.0,18910000.0,259.51,94460000.0,186.61,433900.0,335.71,8060000.000000001,95.84,13440000.0
2025-04-25,188.99,36410000.0,96.64,28580000.0,209.28,38220000.0,677.27,1280000.0,530.96,2740000.0,71.91,16320000.0,243.55,8590000.0,533.48,2009999.9999999998,547.27,17100000.0,391.85,18970000.0,85.74,3570000.0,111.01,251060000.0,161.02,12890000.0,170.24,7760000.0,165.1,14650000.0,478.2,28750000.0,284.95,167560000.0,188.21,378290.0,335.17,4450000.0,95.09,15320000.0
2025-04-28,187.7,33220000.0,96.39,30460000.0,210.14,38740000.0,672.76,1010000.0,530.94,4240000.0,71.79,16000000.0,243.22,7390000.0,534.49,1740000.0,549.74,15180000.0,391.16,16579999.999999998,86.75,3980000.0,108.73,207710000.0,161.85,8130000.000000001,169.17,6150000.0,163.4,11420000.0,478.2,13810000.0,285.88,151730000.0,193.13,554380.0,337.51,5420000.0,95.22,12950000.0
2025-04-29,187.39,41670000.0,96.06,20700000.0,211.21,36830000.0,666.11,1100000.0,534.57,3180000.0,72.35,16239999.999999998,244.62,7220000.0,539.68,2040000.0,554.44,11840000.0,394.04,14970000.0,86.8,2960000.0,109.02,170440000.0,162.26,8270000.0,170.26,5350000.0,164.48,9830000.0,473.0,16370000.000000002,292.03,108910000.0,195.39,422020.0,341.52,5520000.0,96.04,12680000.0
2025-04-30,184.42,55180000.0,97.35,29730000.0,212.5,52290000.0,668.08,1040000.0,533.25,5250000.0,72.55,21070000.0,244.62,12990000.0,548.06,3780000.0,549.0,29240000.0,395.26,36460000.0,87.74,5160000.0,108.92,235040000.0,162.57,12480000.0,171.36,6450000.0,166.69,10070000.0,477.2,15310000.0,282.16,128960000.00000001,191.22,343880.0,345.5,9530000.0,97.25,21640000.0
2025-05-01,190.2,74270000.0,96.65,29590000.0,213.32,57370000.0,666.72,1070000.0,530.23,4690000.0,71.29,18030000.0,246.89,8690000.0,546.63,2840000.0,572.21,31160000.0,425.4,58940000.0,,,111.61,236120000.0,159.98,6790000.0,170.05,4890000.0,172.72,22670000.0,,,280.52,99660000.0,190.58,327020.0,342.45,5850000.0,97.41,13170000.0
2025-05-02,189.98,77900000.0,98.8,29960000.0,205.35,101010000.0,690.33,1220000.0,539.8,4950000.0,71.65,12630000.0,252.51,7170000.0,559.39,2630000.0,597.02,24740000.0,435.28,30760000.0,87.6,3760000.0,114.5,190190000.0,160.52,5750000.0,170.86,4450000.0,179.28,21690000.0,487.8,13240000.0,287.21,114450000.0,192.24,225490.0,347.6,6110000.0,98.75,16030000.000000002
2025-05-05,186.35,35220000.0,100.59,41270000.0,198.89,69020000.0,683.36,904000.0,512.15,16379999.999999998,71.7,11930000.0,252.56,5450000.0,561.12,2130000.0,599.27,13890000.0,436.17,20140000.0,87.34,1700000.0,113.82,133160000.0,158.83,7580000.0,173.19,4550000.0,176.4,14620000.0,,,280.26,94620000.0,192.48,204040.0,348.64,3870000.0,99.33,12440000.0
2025-05-06,185.01,29310000.0,98.62,54260000.0,198.51,51220000.0,679.99,765140.0,512.33,6090000.0,71.71,9530000.0,249.25,6370000.0,558.99,2340000.0,587.31,10600000.0,433.31,15100000.0,88.16,2460000.0,113.54,158530000.0,159.25,7700000.0,174.08,4080000.0,172.28,14570000.0,495.4,19810000.0,275.35,76720000.0,192.43,301410.0,347.7,3440000.0,98.55,10630000.0
